original_name,authoritative_name,uni_id,uni_data_source
20 other SUNY campuses,20 other SUNY campuses,,
A&T,A&T,,
Alameda Community College,Alameda Community College,,
Algoma University,Algoma University,,
all 23 California State Universities,all 23 California State Universities,,
all three of SFU’s campuses,all three of SFU’s campuses,,
already demonstrated at Humber College Sheridan College and Fanshaw College in London Ont,already demonstrated at Humber College Sheridan College and Fanshaw College in London Ont,,
Amherst College in Massachusetts,Amherst College in Massachusetts,,
Arizona State University,Arizona State University,,
Auraria Campus,Auraria Campus,,
Baruch,Baruch,,
Baruch College,Baruch College,,
Berklee College,Berklee College,,
Bethune Cookman University,Bethune Cookman University,,
Bloomsburg California Cheyney Clarion East Stroudsburg Edinboro Indiana Kutztown Lock Haven Mansfield Millersville Shippensburg Slippery Rock and West Chester universities of Pennsylvania,Bloomsburg California Cheyney Clarion East Stroudsburg Edinboro Indiana Kutztown Lock Haven Mansfield Millersville Shippensburg Slippery Rock and West Chester universities of Pennsylvania,,
Boston University',Boston University',,
Brigham Young University,Brigham Young University,,
Brooklyn College,Brooklyn College,,
Buffalo,Buffalo,,
Cal Poly Pomona,Cal Poly Pomona,,
Cal Poly San Luis Obispo,Cal Poly San Luis Obispo,,
Cal State,Cal State,,
Cal State East Bay,Cal State East Bay,,
Cal State Fullerton,Cal State Fullerton,,
Cal State Long Beach,Cal State Long Beach,,
Cal State Los Angeles,Cal State Los Angeles,,
Cal State Northridge,Cal State Northridge,,
California State University,California State University,,
California State University - Fullerton,California State University - Fullerton,,
California State University Long Beach,California State University Long Beach,,
California State University Los Angeles,California State University Los Angeles,,
California State University San Marcos,California State University San Marcos,,
Caltech,Caltech,,
CCNY,CCNY,,
Cégép Ahuntsic,Cégép Ahuntsic,,
CÉGEP de Drummondville,CÉGEP de Drummondville,,
CEGEP de Jonquière,CEGEP de Jonquière,,
Cégep de Jonquière.,Cégep de Jonquière.,,
Cégep de Montmorency,Cégep de Montmorency,,
Cégep de Saint-Laurent,Cégep de Saint-Laurent,,
CÉGEP de Saint-Laurent,CÉGEP de Saint-Laurent,,
Cegep du Vieux Montreal,Cegep du Vieux Montreal,,
CEGEP du Vieux Montréal,CEGEP du Vieux Montréal,,
Cégep du Vieux Montréal,Cégep du Vieux Montréal,,
CEGEP du Vieux-Montreal,CEGEP du Vieux-Montreal,,
Cégep du Vieux-Montréal,Cégep du Vieux-Montréal,,
CÉGEP du Vieux-Montréal,CÉGEP du Vieux-Montréal,,
CEGEP du Vieux-Montréal.,CEGEP du Vieux-Montréal.,,
CEGEP Edouard-Montpetit,CEGEP Edouard-Montpetit,,
CEGEP Lionel-Groulx,CEGEP Lionel-Groulx,,
CEGEP Maisonneuve,CEGEP Maisonneuve,,
CEGEP Marie-Victorin,CEGEP Marie-Victorin,,
CEGEP Montmorency,CEGEP Montmorency,,
CEGEP Regional De Lanaudière à L’assomption,CEGEP Regional De Lanaudière à L’assomption,,
Cégep Rosemont,Cégep Rosemont,,
CEGEP Saint-Laurent,CEGEP Saint-Laurent,,
CÉGEP St-Laurent,CÉGEP St-Laurent,,
CEGEP Vieux-Montreal,CEGEP Vieux-Montreal,,
CÉGEP Vieux-Montreal,CÉGEP Vieux-Montreal,,
CEGEPs,CEGEPs,,
Central Connecticut University,Central Connecticut University,,
Chatham College,Chatham College,,
Chico State,Chico State,,
Chinatown,Chinatown,,
City College campuses-Civic Center,City College campuses-Civic Center,,
City College of New York,City College of New York,,
City University of New York,City University of New York,,
City University of New York (CUNY),City University of New York (CUNY),,
Claflin universities,Claflin universities,,
Claremont Colleges,Claremont Colleges,,
CNM,CNM,,
Collège de Maisonneuve,Collège de Maisonneuve,,
Collège Lionel-Groulx,Collège Lionel-Groulx,,
College of New Jersey,College of New Jersey,,
College of Staten Island,College of Staten Island,,
College the School of Public Health,College the School of Public Health,,
Colleges of Applied Arts and Technology,Colleges of Applied Arts and Technology,,
Colorado State University,Colorado State University,,
Columbia University,Columbia University,,
Community College of Baltimore County Essex,Community College of Baltimore County Essex,,
Concord College,Concord College,,
Concordia Universities,Concordia Universities,,
Connecticut State University,Connecticut State University,,
Cornell University's School of Industrial and Labor Relations,Cornell University's School of Industrial and Labor Relations,,
Creighton University The Creightonian,Creighton University The Creightonian,,
CSU Dominguez Hills,CSU Dominguez Hills,,
CSU Los Angeles,CSU Los Angeles,,
CSU Northridge,CSU Northridge,,
CUNY,CUNY,,
CUPE members held a silent protest outside of the library and Maggie Benston Centre and on Oct. 19 they walked off the job and picketed the SFU Vancouver locations including the Harbour Centre and Woodward’s campuses,CUPE members held a silent protest outside of the library and Maggie Benston Centre and on Oct. 19 they walked off the job and picketed the SFU Vancouver locations including the Harbour Centre and Woodward’s campuses,,
Dalhousie University.,Dalhousie University.,,
Dawson College,Dawson College,,
Depauw University,Depauw University,,
different CSU campuses,different CSU campuses,,
East Tennessee State University:,East Tennessee State University:,,
El Camino College,El Camino College,,
ETSU,ETSU,,
Evergreen State college,Evergreen State college,,
Florida A&M,Florida A&M,,
Florida A&M Universit,Florida A&M Universit,,
Florida A&M University,Florida A&M University,,
Framingham State College,Framingham State College,,
francophone universities,francophone universities,,
Fresno State,Fresno State,,
George Brown College.,George Brown College.,,
Georgetown Solidarity Committee,Georgetown Solidarity Committee,,
Georgia State University in Atlanta,Georgia State University in Atlanta,,
Georgia Tech,Georgia Tech,,
Geulph University,Geulph University,,
GVSU,GVSU,,
Hampshire College in Massachusetts,Hampshire College in Massachusetts,,
Harvard Graduate School of Education,Harvard Graduate School of Education,,
Harvard Law,Harvard Law,,
Harvard Law School,Harvard Law School,,
Harvard Medical School,Harvard Medical School,,
Haverford and Bryn Mawr Colleges,Haverford and Bryn Mawr Colleges,,
he University of Regina,he University of Regina,,
Henry Ford Community College,Henry Ford Community College,,
Honolulu CC,Honolulu CC,,
Hunter College,Hunter College,,
Indiana University,Indiana University,,
Indiana University |,Indiana University |,,
Indiana University South Bend,Indiana University South Bend,,
IU-Bloomington,IU-Bloomington,,
IU-Purdue University Indianapolis,IU-Purdue University Indianapolis,,
John Abbott College,John Abbott College,,
John Jay College,John Jay College,,
Johns Hopkins Univeristy,Johns Hopkins Univeristy,,
K-State,K-State,,
Kent State University,Kent State University,,
King’s,King’s,,
l’Université de Montréal,l’Université de Montréal,,
L’Université du Québec à Montréal,L’Université du Québec à Montréal,,
l’Université du Québec à Montréal (UQAM),l’Université du Québec à Montréal (UQAM),,
Lane Community Downtown Campus,Lane Community Downtown Campus,,
Laurentian University’,Laurentian University’,,
Laurier,Laurier,,
Le cégep du Vieux Montréal,Le cégep du Vieux Montréal,,
Lehman College,Lehman College,,
Linfield College,Linfield College,,
Linn Benton Community College,Linn Benton Community College,,
Lock Haven University of Pennsylvania,Lock Haven University of Pennsylvania,,
Long Island University Brooklyn Campus,Long Island University Brooklyn Campus,,
Longwood College,Longwood College,,
Louisiana State University,Louisiana State University,,
Loyola,Loyola,,
Loyola College Maryland,Loyola College Maryland,,
Loyola University Chicago Stritch School of Medicine,Loyola University Chicago Stritch School of Medicine,,
Macaulay Honors College,Macaulay Honors College,,
MacEwan University,MacEwan University,,
Mary Washington,Mary Washington,,
McGill,McGill,,
McGill University,McGill University,,
McGill University.,McGill University.,,
McMaster University,McMaster University,,
Medgar Evers College,Medgar Evers College,,
Media network college,Media network college,,
Mesa State College,Mesa State College,,
Miami University,Miami University,,
Michigan,Michigan,,
Michigan Tech,Michigan Tech,,
Michigan Tech University,Michigan Tech University,,
Middleburry College,Middleburry College,,
Middlebury College.,Middlebury College.,,
Millersville University,Millersville University,,
Minneapolis Community &Technical College,Minneapolis Community &Technical College,,
Missouri State University,Missouri State University,,
Missouri Western State College,Missouri Western State College,,
MIT,MIT,,
mix of university and CEGEP students,mix of university and CEGEP students,,
Montreal CEGEPS,Montreal CEGEPS,,
Mount Royal University (MRU),Mount Royal University (MRU),,
MSUM,MSUM,,
Native Education College,Native Education College,,
"NAU","NAU",,
NC State,NC State,,
New School,New School,,
Nicholls State John Folse culinary institute,Nicholls State John Folse culinary institute,,
North Carolina A-T State University,North Carolina A-T State University,,
North Carolina at Charlotte,North Carolina at Charlotte,,
North Carolina State University,North Carolina State University,,
Nova Scotia College of Arts and Design (NSCAD),Nova Scotia College of Arts and Design (NSCAD),,
NYU,NYU,,
Oakland University.,Oakland University.,,
Ocean,Ocean,,
Ohio State University and the University of Akron,Ohio State University and the University of Akron,,
Olin College of Engineering,Olin College of Engineering,,
Ontario College of Art and Design University,Ontario College of Art and Design University,,
Ontario College of Arts and Design,Ontario College of Arts and Design,,
Ontario Institute for Studies in Education,Ontario Institute for Studies in Education,,
other CSUs,other CSUs,,
other CUNY schools,other CUNY schools,,
OU,OU,,
Peace College,Peace College,,
Penn,Penn,,
Pennsylvania university system,Pennsylvania university system,,
Polytechnic State University,Polytechnic State University,,
Prairie View A&M University,Prairie View A&M University,,
Princeton University l,Princeton University l,,
Queens College,Queens College,,
Rutgers,Rutgers,,
Rutgers University,Rutgers University,,
Sac State,Sac State,,
Saint Mary’s,Saint Mary’s,,
Santa Rosa Junior College and Solano Community College,Santa Rosa Junior College and Solano Community College,,
Seattle Central Community College,Seattle Central Community College,,
Selkirk College,Selkirk College,,
Seneca at York,Seneca at York,,
Seneca college campus at York University,Seneca college campus at York University,,
Seneca’s Newnham campus.,Seneca’s Newnham campus.,,
several CEGEPs in the downtown Montreal area,several CEGEPs in the downtown Montreal area,,
several Chicago-area colleges,several Chicago-area colleges,,
several Montreal universities and CEGEPs,several Montreal universities and CEGEPs,,
SFU’s Vancouver and Surrey campuses,SFU’s Vancouver and Surrey campuses,,
SFU’s Vancouver campuses including Harbour Centre and Woodward’s were picketed on Saturday and Sunday,SFU’s Vancouver campuses including Harbour Centre and Woodward’s were picketed on Saturday and Sunday,,
Sheridan college,Sheridan college,,
Sheridan College,Sheridan College,,
Shippensburg,Shippensburg,,
Shippensburg University,Shippensburg University,,
sign listing kinds of sinners hated by God,sign listing kinds of sinners hated by God,,
Smith College in Northampton Massachusetts,Smith College in Northampton Massachusetts,,
South Puget Sound,South Puget Sound,,
Southern Illinois University,Southern Illinois University,,
Southern Illinois UniversityCarbondale,Southern Illinois UniversityCarbondale,,
St Cloud State University,St Cloud State University,,
St George campus,St George campus,,
St Mary's College of Maryland,St Mary's College of Maryland,,
St Michael's College,St Michael's College,,
St. Augustine,St. Augustine,,
St. Louis Community College,St. Louis Community College,,
St. Olaf,St. Olaf,,
St. Paul College,St. Paul College,,
St.Mary's College of Maryland,St.Mary's College of Maryland,,
students from different CUNY schools,students from different CUNY schools,,
SUNY,SUNY,,
SUNY at Binghamton,SUNY at Binghamton,,
SUNY at Geneseo,SUNY at Geneseo,,
SUNY Brockport,SUNY Brockport,,
SUNY College at New Paltz,SUNY College at New Paltz,,
SUNY New Paltz,SUNY New Paltz,,
SUNY Purchase,SUNY Purchase,,
Texas A &M University,Texas A &M University,,
Texas A &M University Kingsville,Texas A &M University Kingsville,,
Texas A&M,Texas A&M,,
Texas A&M University,Texas A&M University,,
Texas A&M University in College Station,Texas A&M University in College Station,,
Texas Southern University.,Texas Southern University.,,
Texas State University San Marcos,Texas State University San Marcos,,
the 23 California State University campuses,the 23 California State University campuses,,
the Art Institute of Chicago,the Art Institute of Chicago,,
The Claremont Colleges,The Claremont Colleges,,
The Massachusetts Institute of Technology,The Massachusetts Institute of Technology,,
the UC system at almost every campus,the UC system at almost every campus,,
the University of California San Diego,the University of California San Diego,,
the University of Chicago,the University of Chicago,,
the University of Minnesota's St. Paul campus,the University of Minnesota's St. Paul campus,,
The University of San Diego,The University of San Diego,,
the University of Southern California,the University of Southern California,,
the University of Toronto campus,the University of Toronto campus,,
the University of Victoria,the University of Victoria,,
Tulane,Tulane,,
UBC Okanagan,UBC Okanagan,,
UC Berkeley,UC Berkeley,,
UC campuses,UC campuses,,
UC Davis,UC Davis,,
UC Irvine,UC Irvine,,
UC Merced,UC Merced,,
UC Riverside,UC Riverside,,
UC San Diego,UC San Diego,,
UC San Francisco,UC San Francisco,,
UC San Francisco Mission Bay campus,UC San Francisco Mission Bay campus,,
UC Santa Barbara,UC Santa Barbara,,
UC Santa Cruz,UC Santa Cruz,,
UChicago,UChicago,,
UCLA,UCLA,,
UCR's assistant vice chancellor and dean of students Ryan Alcantara,UCR's assistant vice chancellor and dean of students Ryan Alcantara,,
UCSD,UCSD,,
UCSF,UCSF,,
UCSF Mission Bay,UCSF Mission Bay,,
UCSF Mission Bay campus,UCSF Mission Bay campus,,
UCSF Mission Bay Campus,UCSF Mission Bay Campus,,
UCSF's Parnassus campus,UCSF's Parnassus campus,,
UH-Manoa,UH-Manoa,,
UIS,UIS,,
UL system,UL system,,
UMass Boston,UMass Boston,,
UNC-Chapel Hill,UNC-Chapel Hill,,
UNCG,UNCG,,
Universite de Montreal,Universite de Montreal,,
Université de Montréal,Université de Montréal,,
Université de Montréal (UdeM),Université de Montréal (UdeM),,
Université de Montréal (UdeM).,Université de Montréal (UdeM).,,
Université de Montréal’s (UdeM),Université de Montréal’s (UdeM),,
Université de Québec a Montréal,Université de Québec a Montréal,,
Université de Québec à Montréal,Université de Québec à Montréal,,
Université de Québec à Montréal (UQAM),Université de Québec à Montréal (UQAM),,
Université de Saint Boniface,Université de Saint Boniface,,
Université de Saint-Boniface,Université de Saint-Boniface,,
Université de Sherbrooke.,Université de Sherbrooke.,,
Université du Québec à Chicoutimi,Université du Québec à Chicoutimi,,
Université du Québec à Montreal,Université du Québec à Montreal,,
Université du Québec à Montréal,Université du Québec à Montréal,,
Université du Québec à Montréal (UQAM,Université du Québec à Montréal (UQAM,,
Université du Québec à Montréal (UQAM),Université du Québec à Montréal (UQAM),,
Université Laval,Université Laval,,
universities across Louisiana,universities across Louisiana,,
universities across Quebec,universities across Quebec,,
universities throughout Utah,universities throughout Utah,,
University at Albany,University at Albany,,
University California San Diego,University California San Diego,,
University California San Diego],University California San Diego],,
University of Alabama,University of Alabama,,
University of Alberta,University of Alberta,,
University of Arkansas Main Campus,University of Arkansas Main Campus,,
University of British Columbia,University of British Columbia,,
University of Calgary,University of Calgary,,
University of California,University of California,,
University of California - Los Angeles,University of California - Los Angeles,,
University of California at Berkeley,University of California at Berkeley,,
University of California at Davis,University of California at Davis,,
University of California at Santa Barbara,University of California at Santa Barbara,,
University of California Los Angeles,University of California Los Angeles,,
University of California San Diego,University of California San Diego,,
University of California San Francisco,University of California San Francisco,,
University of California Washington Center,University of California Washington Center,,
University of California-Berkley,University of California-Berkley,,
University of CaliforniaDavis,University of CaliforniaDavis,,
University of Chicago Pritzker School of Medicine,University of Chicago Pritzker School of Medicine,,
University of Colorado,University of Colorado,,
University of Colorado at Boulder,University of Colorado at Boulder,,
University of Colorado Denver,University of Colorado Denver,,
University of Georgia in Athens,University of Georgia in Athens,,
University of Guelph,University of Guelph,,
University of Hawai'i at Hilo,University of Hawai'i at Hilo,,
University of Hawaii,University of Hawaii,,
University of Hawaii Manoa,University of Hawaii Manoa,,
University of Illinois,University of Illinois,,
University of Illinois [at] Chicago,University of Illinois [at] Chicago,,
University of Illinois College of Medicine,University of Illinois College of Medicine,,
University of Illinois Springfield,University of Illinois Springfield,,
University of Laval,University of Laval,,
University of Lethbridge,University of Lethbridge,,
University of Louisiana,University of Louisiana,,
University of Louisiana Lafayette,University of Louisiana Lafayette,,
University of Louisiana Monroe,University of Louisiana Monroe,,
University of Manitoba,University of Manitoba,,
University of Maryland,University of Maryland,,
University of Massachusetts,University of Massachusetts,,
University of Massachusetts at Amherst,University of Massachusetts at Amherst,,
University of Michigan,University of Michigan,,
University of Michigan Ann Arbor,University of Michigan Ann Arbor,,
University of Minnesota,University of Minnesota,,
University of Missouri,University of Missouri,,
University of Missouri Kansas City,University of Missouri Kansas City,,
University of Missouri St.Louis,University of Missouri St.Louis,,
University of Montana,University of Montana,,
University of Montreal,University of Montreal,,
University of Nebraska at Lincoln,University of Nebraska at Lincoln,,
University of Nevada Las Vegas,University of Nevada Las Vegas,,
University of New Brunswick,University of New Brunswick,,
University of New Orleans school of hotel restaurant and tourism.,University of New Orleans school of hotel restaurant and tourism.,,
University of North Carolina Asheville,University of North Carolina Asheville,,
University of North Carolina Charlotte,University of North Carolina Charlotte,,
University of Northern British Columbia,University of Northern British Columbia,,
University of Oklahoma Norman Campus,University of Oklahoma Norman Campus,,
University of Ottawa,University of Ottawa,,
University of Pittsburgh,University of Pittsburgh,,
University of Pittsburgh Pittsburgh Campus,University of Pittsburgh Pittsburgh Campus,,
University of Prince Edward Island,University of Prince Edward Island,,
University of Puerto Rico,University of Puerto Rico,,
University of Saskatchewan,University of Saskatchewan,,
University of Saskatoon,University of Saskatoon,,
University of Sherbrooke,University of Sherbrooke,,
University of South Carolina,University of South Carolina,,
University of South Florida St.Petersburg,University of South Florida St.Petersburg,,
University of Southern Misissippi,University of Southern Misissippi,,
University of Tampa,University of Tampa,,
University of Tennessee in Chattanooga,University of Tennessee in Chattanooga,,
University of Texas,University of Texas,,
University of Texas Arlington,University of Texas Arlington,,
University of Texas at Austin,University of Texas at Austin,,
University of Texas at Dallas,University of Texas at Dallas,,
University of Texas Austin,University of Texas Austin,,
University of Texas Dallas,University of Texas Dallas,,
University of Texas Pan American,University of Texas Pan American,,
University of Texas- Austin,University of Texas- Austin,,
University of Texas-Austin,University of Texas-Austin,,
University of Toronto,University of Toronto,,
University of Toronto Mississauga,University of Toronto Mississauga,,
University of Toronto Mississauga (UTM),University of Toronto Mississauga (UTM),,
University of Toronto Scarborough,University of Toronto Scarborough,,
University of Toronto.,University of Toronto.,,
University of Victoria,University of Victoria,,
University of Virginia Wise,University of Virginia Wise,,
University of Washington,University of Washington,,
University of Washington Seattle campus,University of Washington Seattle campus,,
University of Washington.,University of Washington.,,
University of Waterloo,University of Waterloo,,
University of Western Ontario,University of Western Ontario,,
University of Windsor,University of Windsor,,
University of Winnipeg,University of Winnipeg,,
University of Wisconsin Eau Claire,University of Wisconsin Eau Claire,,
University of Wisconsin Green Bay,University of Wisconsin Green Bay,,
University of Wisconsin LaCrosse,University of Wisconsin LaCrosse,,
UNM,UNM,,
UQAM,UQAM,,
UQÀM,UQÀM,,
USC,USC,,
UTM,UTM,,
UTM-Sheridan,UTM-Sheridan,,
UTSC,UTSC,,
UTSC-Centennial,UTSC-Centennial,,
UTSG,UTSG,,
UVM,UVM,,
UW-Madison,UW-Madison,,
Vanier College,Vanier College,,
Virginia Tech,Virginia Tech,,
Washington University St.Louis,Washington University St.Louis,,
West Chester University,West Chester University,,
Westchester Community College,Westchester Community College,,
Western Illinois University Quad City riverfront campus,Western Illinois University Quad City riverfront campus,,
WSU,WSU,,
NA,NA,,
Abilene Christian University,Abilene Christian University,222178,ipeds
Allegheny College,Allegheny College,210669,ipeds
Alma College,Alma College,168591,ipeds
American University,American University,131159,ipeds
Amherst College,Amherst College,164465,ipeds
Appalachian State,Appalachian State University,197869,ipeds
Appalachian State University,Appalachian State University,197869,ipeds
Auburn University,Auburn University,100858,ipeds
Augsburg,Augsburg University,173045,ipeds
Augusta State University,Augusta State University,138983,ipeds
Azusa Pacific University,Azusa Pacific University,109785,ipeds
Babson College,Babson College,164580,ipeds
Ball State University,Ball State University,150136,ipeds
Barnard,Barnard College,189097,ipeds
Barnard College,Barnard College,189097,ipeds
Bates College,Bates College,160977,ipeds
Baylor University,Baylor University,223232,ipeds
Bennington College,Bennington College,230816,ipeds
Berklee College of Music,Berklee College of Music,164748,ipeds
Bloomsburg University of Pennsylvania,Bloomsburg University of Pennsylvania,211158,ipeds
Boston College,Boston College,164924,ipeds
Boston University,Boston University,164988,ipeds
Bowling Green State University,Bowling Green State University-Main Campus,201441,ipeds
Bradley University,Bradley University,143358,ipeds
Brandeis,Brandeis University,165015,ipeds
Brandeis University,Brandeis University,165015,ipeds
Brandon University,Brandon University,IAU-001747-1,glued
Brock University,Brock University,IAU-001778-1,glued
Brown,Brown University,217156,ipeds
Brown University,Brown University,217156,ipeds
Bryn Mawr,Bryn Mawr College,211273,ipeds
Bucks County Community College,Bucks County Community College,211307,ipeds
Buena Vista University,Buena Vista University,153001,ipeds
Butler University,Butler University,150163,ipeds
California State Polytechnic University Pomona,California State Polytechnic University-Pomona,110529,ipeds
California State University Chico,California State University-Chico,110538,ipeds
California State University Fresno,California State University-Fresno,110556,ipeds
California State University Fullerton,California State University-Fullerton,110565,ipeds
California State University Sacramento,California State University-Sacramento,110617,ipeds
California State University Stanislaus,California State University-Stanislaus,110495,ipeds
California University of Pennsylvania,California University of Pennsylvania,211361,ipeds
Calvin College,Calvin College,169080,ipeds
Canisius College,Canisius College,189705,ipeds
Capilano University,Capilano University,IAU-001973-1,glued
Carleton,Carleton University,IAU-001997-1,glued
Carleton University,Carleton University,IAU-001997-1,glued
Carlow,Carlow University,211431,ipeds
Carnegie Mellon,Carnegie Mellon University,211440,ipeds
Carnegie Mellon University,Carnegie Mellon University,211440,ipeds
Case Western Reserve University,Case Western Reserve University,201645,ipeds
Catholic University of America,Catholic University of America,131283,ipeds
Centennial College,Centennial College,IAU-002055-1,glued
Central Connecticut State University,Central Connecticut State University,128771,ipeds
Central New Mexico Community College,Central New Mexico Community College,187532,ipeds
Cerritos College,Cerritos College,111887,ipeds
Chapman University,Chapman University,111948,ipeds
Charleston School of Law,Charleston School of Law,451510,ipeds
Chatham University,Chatham University,211556,ipeds
Cheyney University of Pennsylvania,Cheyney University of Pennsylvania,211608,ipeds
Chicago State University,Chicago State University,144005,ipeds
City College of San Francisco,City College of San Francisco,112190,ipeds
Claremont McKenna College,Claremont McKenna College,112260,ipeds
Clarion University of Pennsylvania,Clarion University of Pennsylvania,211644,ipeds
Clark Atlanta University,Clark Atlanta University,138947,ipeds
Clark University,Clark University,165334,ipeds
Clemson University,Clemson University,217882,ipeds
College of Menominee Nation,College of Menominee Nation,413617,ipeds
College of William and Mary,College of William and Mary,231624,ipeds
Colorado College,Colorado College,126678,ipeds
Colorado State University Pueblo,Colorado State University-Pueblo,128106,ipeds
Columbia,Columbia College,112561,ipeds
Columbia,Columbia College,112561,ipeds
Columbia,Columbia College,112561,ipeds
Columbia,Columbia College,112561,ipeds
Columbia,Columbia College,112561,ipeds
Columbia,Columbia College,177065,ipeds
Columbia,Columbia College,177065,ipeds
Columbia,Columbia College,177065,ipeds
Columbia,Columbia College,177065,ipeds
Columbia,Columbia College,177065,ipeds
Columbia,Columbia College,217934,ipeds
Columbia,Columbia College,217934,ipeds
Columbia,Columbia College,217934,ipeds
Columbia,Columbia College,217934,ipeds
Columbia,Columbia College,217934,ipeds
Columbia,Columbia College,455983,ipeds
Columbia,Columbia College,455983,ipeds
Columbia,Columbia College,455983,ipeds
Columbia,Columbia College,455983,ipeds
Columbia,Columbia College,455983,ipeds
Columbia,Columbia College,479248,ipeds
Columbia,Columbia College,479248,ipeds
Columbia,Columbia College,479248,ipeds
Columbia,Columbia College,479248,ipeds
Columbia,Columbia College,479248,ipeds
Columbia College,Columbia College,112561,ipeds
Columbia College,Columbia College,112561,ipeds
Columbia College,Columbia College,112561,ipeds
Columbia College,Columbia College,112561,ipeds
Columbia College,Columbia College,112561,ipeds
Columbia College,Columbia College,177065,ipeds
Columbia College,Columbia College,177065,ipeds
Columbia College,Columbia College,177065,ipeds
Columbia College,Columbia College,177065,ipeds
Columbia College,Columbia College,177065,ipeds
Columbia College,Columbia College,217934,ipeds
Columbia College,Columbia College,217934,ipeds
Columbia College,Columbia College,217934,ipeds
Columbia College,Columbia College,217934,ipeds
Columbia College,Columbia College,217934,ipeds
Columbia College,Columbia College,455983,ipeds
Columbia College,Columbia College,455983,ipeds
Columbia College,Columbia College,455983,ipeds
Columbia College,Columbia College,455983,ipeds
Columbia College,Columbia College,455983,ipeds
Columbia College,Columbia College,479248,ipeds
Columbia College,Columbia College,479248,ipeds
Columbia College,Columbia College,479248,ipeds
Columbia College,Columbia College,479248,ipeds
Columbia College,Columbia College,479248,ipeds
Columbia College Chicago,Columbia College Chicago,144281,ipeds
Community College of Allegheny County,Community College of Allegheny County,210605,ipeds
Community College of Philadelphia,Community College of Philadelphia,215239,ipeds
Concordia,Concordia University,IAU-003125-1,glued
Concordia University,Concordia University,IAU-003125-1,glued
Cornell,Cornell University,190415,ipeds
Cornell University,Cornell University,190415,ipeds
Dalhousie,Dalhousie University,IAU-003505-3,glued
Dalhousie University,Dalhousie University,IAU-003505-3,glued
Dartmouth,Dartmouth College,182670,ipeds
Dartmouth College,Dartmouth College,182670,ipeds
Davidson College,Davidson College,198385,ipeds
De Anza College,De Anza College,113333,ipeds
Del Mar College,Del Mar College,224350,ipeds
Delta College,Delta College,169521,ipeds
Denison University,Denison University,202523,ipeds
DePaul,DePaul University,144740,ipeds
DePaul University,DePaul University,144740,ipeds
DePauw University,DePauw University,150400,ipeds
Dickinson College,Dickinson College,212009,ipeds
Dominican University,Dominican University College,IAU-003047-1,glued
Drew University,Drew University,184348,ipeds
Drexel,Drexel University,212054,ipeds
Drexel University,Drexel University,212054,ipeds
Duke,Duke University,198419,ipeds
Duke University,Duke University,198419,ipeds
Dunwoody College of Technology,Dunwoody College of Technology,175227,ipeds
East Carolina University,East Carolina University,198464,ipeds
East Los Angeles College,East Los Angeles College,113856,ipeds
East Stroudsburg University of Pennsylvania,East Stroudsburg University of Pennsylvania,212115,ipeds
East Tennessee State University,East Tennessee State University,220075,ipeds
Eastern Illinois,Eastern Illinois University,144892,ipeds
Eastern Illinois University,Eastern Illinois University,144892,ipeds
Eastern Michigan University,Eastern Michigan University,169798,ipeds
Eastern Washington University,Eastern Washington University,235097,ipeds
Eastfield College,Eastfield College,224572,ipeds
Edinboro University of Pennsylvania,Edinboro University of Pennsylvania,212160,ipeds
Edward Waters College,Edward Waters College,133526,ipeds
Elizabethtown College,Elizabethtown College,212197,ipeds
Elmhurst College,Elmhurst College,144962,ipeds
Emerson College,Emerson College,165662,ipeds
Emmanuel Christian Seminary,Emmanuel Christian Seminary,220136,ipeds
Emory University,Emory University,139658,ipeds
Emporia State University,Emporia State University,155025,ipeds
Fairfield University,Fairfield University,129242,ipeds
Fayetteville State University,Fayetteville State University,198543,ipeds
Florida Agricultural and Mechanical University,Florida Agricultural and Mechanical University,133650,ipeds
Florida Gulf Coast University,Florida Gulf Coast University,433660,ipeds
Florida State University,Florida State University,134097,ipeds
Fort Hays State University,Fort Hays State University,155061,ipeds
Fuller Theological Seminary,Fuller Theological Seminary,114840,ipeds
Gallaudet University,Gallaudet University,131450,ipeds
Gannon University,Gannon University,212601,ipeds
George Brown,George Brown College,IAU-006615-1,glued
George Brown College,George Brown College,IAU-006615-1,glued
George Mason University,George Mason University,232186,ipeds
George Washington University,George Washington University,131469,ipeds
Georgetown,Georgetown University,131496,ipeds
Georgetown University,Georgetown University,131496,ipeds
Georgia Institute of Technology,Georgia Institute of Technology-Main Campus,139755,ipeds
Georgia Southern University,Georgia Southern University,139931,ipeds
Georgia State University,Georgia State University,139940,ipeds
Glendale Community College,Glendale Community College,104708,ipeds
Glendale Community College,Glendale Community College,104708,ipeds
Glendale Community College,Glendale Community College,115001,ipeds
Glendale Community College,Glendale Community College,115001,ipeds
Grand Rapids Community College,Grand Rapids Community College,170055,ipeds
Grand Valley State University,Grand Valley State University,170082,ipeds
Grinnell College,Grinnell College,153384,ipeds
Grossmont College,Grossmont College,115296,ipeds
Guilford College,Guilford College,198613,ipeds
Hamilton College,Hamilton College,191515,ipeds
Hampshire College,Hampshire College,166018,ipeds
Harvard,Harvard University,166027,ipeds
Harvard University,Harvard University,166027,ipeds
Haverford,Haverford College,212911,ipeds
Haverford College,Haverford College,212911,ipeds
Hofstra University,Hofstra University,191649,ipeds
Holy Cross,Holy Cross College,150774,ipeds
Hope College,Hope College,170301,ipeds
Houston Community College,Houston Community College,225423,ipeds
Howard University,Howard University,131520,ipeds
Idaho State University,Idaho State University,142276,ipeds
Illinois State University,Illinois State University,145813,ipeds
Illinois Wesleyan University,Illinois Wesleyan University,145646,ipeds
Indiana State University,Indiana State University,151324,ipeds
Indiana University of Pennsylvania,Indiana University of Pennsylvania-Main Campus,213020,ipeds
Iona College,Iona College,191931,ipeds
Iowa State University,Iowa State University,153603,ipeds
Ithaca College,Ithaca College,191968,ipeds
James Madison University,James Madison University,232423,ipeds
Johns Hopkins,Johns Hopkins University,162928,ipeds
Johns Hopkins University,Johns Hopkins University,162928,ipeds
Johnson County Community College,Johnson County Community College,155210,ipeds
Kansas State University,Kansas State University,155399,ipeds
Keene State College,Keene State College,183062,ipeds
Kennesaw State University,Kennesaw State University,140164,ipeds
Kennesaw State University,Kennesaw State University,140164,ipeds
Kennesaw State University,Kennesaw State University,486840,ipeds
Kennesaw State University,Kennesaw State University,486840,ipeds
Kentucky State University,Kentucky State University,157058,ipeds
Kenyon College,Kenyon College,203535,ipeds
Knox College,Knox College,146427,ipeds
Kutztown University of Pennsylvania,Kutztown University of Pennsylvania,213349,ipeds
Kwantlen Polytechnic University,Kwantlen Polytechnic University,IAU-010661-1,glued
Lafayette College,Lafayette College,213385,ipeds
Lake Superior State University,Lake Superior State University,170639,ipeds
Lane Community,Lane Community College,209038,ipeds
Laurentian,Laurentian University,IAU-010871-2,glued
Laurentian University,Laurentian University,IAU-010871-2,glued
Lawrence University,Lawrence University,239017,ipeds
Lebanon Valley College,Lebanon Valley College,213507,ipeds
Lesley,Lesley University,166452,ipeds
Lesley University,Lesley University,166452,ipeds
Lewis & Clark,Lewis & Clark College,209056,ipeds
Lewis & Clark College,Lewis & Clark College,209056,ipeds
Lewis University,Lewis University,146612,ipeds
Lincoln Land Community College,Lincoln Land Community College,146685,ipeds
Lock Haven University,Lock Haven University,213613,ipeds
Loyola University Chicago,Loyola University Chicago,146719,ipeds
Loyola University New Orleans,Loyola University New Orleans,159656,ipeds
Luther College,Luther College,153834,ipeds
Lutheran School of Theology at Chicago,Lutheran School of Theology at Chicago,146728,ipeds
Macalester College,Macalester College,173902,ipeds
Mansfield University of Pennsylvania,Mansfield University of Pennsylvania,213783,ipeds
Marquette University,Marquette University,239105,ipeds
Marshall University,Marshall University,237525,ipeds
Massachusetts College of Art and Design,Massachusetts College of Art and Design,166674,ipeds
Massachusetts Institute of Technology,Massachusetts Institute of Technology,166683,ipeds
Mesa Community College,Mesa Community College,105154,ipeds
Michigan State University,Michigan State University,171100,ipeds
Middle Tennessee State University,Middle Tennessee State University,220978,ipeds
Middlebury College,Middlebury College,230959,ipeds
Millersville University of Pennsylvania,Millersville University of Pennsylvania,214041,ipeds
Milligan College,Milligan College,221014,ipeds
Milligan College,Milligan College,221014,ipeds
Milligan College,Milligan College,486901,ipeds
Milligan College,Milligan College,486901,ipeds
Mills College,Mills College,118888,ipeds
Mississippi State University,Mississippi State University,176080,ipeds
Monmouth College,Monmouth College,147341,ipeds
Monmouth University,Monmouth University,185572,ipeds
Montana State University,Montana State University,180461,ipeds
Montclair State University,Montclair State University,185590,ipeds
Morehouse College,Morehouse College,140553,ipeds
Morgan State University,Morgan State University,163453,ipeds
Mount Allison University,Mount Allison University,IAU-012185-1,glued
Mount Holyoke,Mount Holyoke College,166939,ipeds
Mount Royal University,Mount Royal University,IAU-012199-1,glued
Mount Saint Vincent,Mount Saint Vincent University,IAU-012203-1,glued
Murray State University,Murray State University,157401,ipeds
Naropa University,Naropa University,127653,ipeds
New Mexico State University,New Mexico State University-Main Campus,188030,ipeds
New York University,New York University,193900,ipeds
Niagara College,Niagara College,IAU-012666-1,glued
North Park University,North Park University,147679,ipeds
Northeastern,Northeastern University,167358,ipeds
Northeastern Illinois,Northeastern Illinois University,147776,ipeds
Northeastern Illinois University,Northeastern Illinois University,147776,ipeds
Northeastern University,Northeastern University,167358,ipeds
Northern Illinois University,Northern Illinois University,147703,ipeds
Northern Kentucky University,Northern Kentucky University,157447,ipeds
Northern Michigan University,Northern Michigan University,171456,ipeds
Northwest Missouri State University,Northwest Missouri State University,178624,ipeds
Northwestern,Northwestern University,147767,ipeds
Northwestern University,Northwestern University,147767,ipeds
Notre Dame,Notre Dame College,204468,ipeds
Oakland University,Oakland University,171571,ipeds
Oberlin,Oberlin College,204501,ipeds
Oberlin College,Oberlin College,204501,ipeds
Ohio State University,Ohio State University-Main Campus,204796,ipeds
Ohio University,Ohio University-Main Campus,204857,ipeds
Oklahoma State University,Oklahoma State University-Main Campus,207388,ipeds
Oral Roberts University,Oral Roberts University,207582,ipeds
Oregon State University,Oregon State University,209542,ipeds
Otterbein University,Otterbein University,204936,ipeds
Pacific,Pacific University,209612,ipeds
Pacific Lutheran University,Pacific Lutheran University,236230,ipeds
Pacific University,Pacific University,209612,ipeds
Palomar College,Palomar College,120971,ipeds
Pennsylvania State University,Pennsylvania State University-Main Campus,214777,ipeds
Piedmont Virginia Community College,Piedmont Virginia Community College,233116,ipeds
Pittsburg State University,Pittsburg State University,155681,ipeds
Pitzer College,Pitzer College,121257,ipeds
Pomona,Pomona College,121345,ipeds
Pomona College,Pomona College,121345,ipeds
Presbyterian College,Presbyterian College,218539,ipeds
Prescott College,Prescott College,105589,ipeds
Princeton,Princeton University,186131,ipeds
Princeton University,Princeton University,186131,ipeds
Providence College,Providence College,217402,ipeds
Queens University of Charlotte,Queens University of Charlotte,199412,ipeds
Quinnipiac University,Quinnipiac University,130226,ipeds
Radford University,Radford University,233277,ipeds
Reed College,Reed College,209922,ipeds
Rensselaer Polytechnic Institute,Rensselaer Polytechnic Institute,194824,ipeds
Rhode Island School of Design,Rhode Island School of Design,217493,ipeds
Richland College,Richland College,227766,ipeds
Rock Valley College,Rock Valley College,148380,ipeds
Roosevelt University,Roosevelt University,148487,ipeds
Rowan University,Rowan University,184782,ipeds
Ryerson,Ryerson University,IAU-014158-1,glued
Ryerson University,Ryerson University,IAU-014158-1,glued
Saginaw Valley State University,Saginaw Valley State University,172051,ipeds
Saint Joseph's University,Saint Joseph's University,215770,ipeds
Saint Louis University,Saint Louis University,179159,ipeds
Saint Mary's,Saint Mary's College,152390,ipeds
Salt Lake Community College,Salt Lake Community College,230746,ipeds
Sam Houston State University,Sam Houston State University,227881,ipeds
San Antonio College,San Antonio College,227924,ipeds
San Diego City College,San Diego City College,122339,ipeds
San Diego State,San Diego State University,122409,ipeds
San Diego State University,San Diego State University,122409,ipeds
San Francisco State University,San Francisco State University,122597,ipeds
San Jose State University,San Jose State University,122755,ipeds
Santa Clara University,Santa Clara University,122931,ipeds
Santa Rosa Junior College,Santa Rosa Junior College,123013,ipeds
Scripps College,Scripps College,123165,ipeds
Seattle Pacific University,Seattle Pacific University,236577,ipeds
Seattle University,Seattle University,236595,ipeds
Seton Hall University,Seton Hall University,186584,ipeds
Shaw,Shaw University,199643,ipeds
Shaw University,Shaw University,199643,ipeds
Shippensburg University of Pennsylvania,Shippensburg University of Pennsylvania,216010,ipeds
Simon Fraser,Simon Fraser University,IAU-015440-1,glued
Simon Fraser University,Simon Fraser University,IAU-015440-1,glued
Simpson College,Simpson College,154350,ipeds
Slippery Rock University of Pennsylvania,Slippery Rock University of Pennsylvania,216038,ipeds
Smith College,Smith College,167835,ipeds
Sonoma State University,Sonoma State University,123572,ipeds
South Carolina State,South Carolina State University,218733,ipeds
South Puget Sound Community College,South Puget Sound Community College,236656,ipeds
Southeast Missouri State University,Southeast Missouri State University,179557,ipeds
Southern Connecticut State University,Southern Connecticut State University,130493,ipeds
Southern Illinois University Edwardsville,Southern Illinois University-Edwardsville,149231,ipeds
Southern Methodist University,Southern Methodist University,228246,ipeds
Southwestern College,Southwestern College,123800,ipeds
Southwestern College,Southwestern College,123800,ipeds
Southwestern College,Southwestern College,123800,ipeds
Southwestern College,Southwestern College,155900,ipeds
Southwestern College,Southwestern College,155900,ipeds
Southwestern College,Southwestern College,155900,ipeds
Southwestern College,Southwestern College,188207,ipeds
Southwestern College,Southwestern College,188207,ipeds
Southwestern College,Southwestern College,188207,ipeds
Spelman College,Spelman College,141060,ipeds
St Olaf College,St Olaf College,174844,ipeds
Stanford,Stanford University,243744,ipeds
Stanford University,Stanford University,243744,ipeds
Suffolk University,Suffolk University,168005,ipeds
SUNY at Albany,SUNY at Albany,196060,ipeds
SUNY at Fredonia,SUNY at Fredonia,196158,ipeds
SUNY College at Plattsburgh,SUNY College at Plattsburgh,196246,ipeds
Swarthmore College,Swarthmore College,216287,ipeds
Syracuse,Syracuse University,196413,ipeds
Temple,Temple University,216339,ipeds
Temple University,Temple University,216339,ipeds
Tennessee State University,Tennessee State University,221838,ipeds
Texas Christian University,Texas Christian University,228875,ipeds
Texas Southern University,Texas Southern University,229063,ipeds
Texas State,Texas State University,228459,ipeds
Texas State University,Texas State University,228459,ipeds
Texas Tech University,Texas Tech University,229115,ipeds
Texas Wesleyan University,Texas Wesleyan University,229160,ipeds
Texas Woman's University,Texas Woman's University,229179,ipeds
The New School,The New School,193654,ipeds
The University of Texas at Austin,The University of Texas at Austin,228778,ipeds
The University of Texas at San Antonio,The University of Texas at San Antonio,229027,ipeds
Thompson Rivers University,Thompson Rivers University,IAU-016643-1,glued
Towson University,Towson University,164076,ipeds
Trent,Trent University,IAU-016840-1,glued
Trinity College,Trinity College,130590,ipeds
Tufts,Tufts University,168148,ipeds
Tufts University,Tufts University,168148,ipeds
Union College,Union College,157863,ipeds
Union College,Union College,157863,ipeds
Union College,Union College,157863,ipeds
Union College,Union College,181738,ipeds
Union College,Union College,181738,ipeds
Union College,Union College,181738,ipeds
Union College,Union College,196866,ipeds
Union College,Union College,196866,ipeds
Union College,Union College,196866,ipeds
University at Buffalo,University at Buffalo,196088,ipeds
University of Alaska Fairbanks,University of Alaska Fairbanks,102614,ipeds
University of Arizona,University of Arizona,104179,ipeds
University of Arkansas,University of Arkansas,106397,ipeds
University of California Berkeley,University of California-Berkeley,110635,ipeds
University of California Davis,University of California-Davis,110644,ipeds
University of California Merced,University of California-Merced,445188,ipeds
University of California Riverside,University of California-Riverside,110671,ipeds
University of California-Davis,University of California-Davis,110644,ipeds
University of Central Florida,University of Central Florida,132903,ipeds
University of Central Oklahoma,University of Central Oklahoma,206941,ipeds
University of Chicago,University of Chicago,144050,ipeds
University of Connecticut,University of Connecticut,129020,ipeds
University of Dayton,University of Dayton,202480,ipeds
University of Delaware,University of Delaware,130943,ipeds
University of Florida,University of Florida,134130,ipeds
University of Houston,University of Houston,225511,ipeds
University of Idaho,University of Idaho,142285,ipeds
University of Illinois at Chicago,University of Illinois at Chicago,145600,ipeds
University of Illinois at Chicago campus,University of Illinois at Chicago,145600,ipeds
University of Illinois at Urbana Champaign,University of Illinois at Urbana-Champaign,145637,ipeds
University of Illinois at Urbana-Champaign,University of Illinois at Urbana-Champaign,145637,ipeds
University of Indianapolis,University of Indianapolis,151263,ipeds
University of Iowa,University of Iowa,153658,ipeds
University of Kansas,University of Kansas,155317,ipeds
University of Kentucky,University of Kentucky,157085,ipeds
University of Louisville,University of Louisville,157289,ipeds
University of Maine,University of Maine,161253,ipeds
University of Massachusetts Amherst,University of Massachusetts-Amherst,166629,ipeds
University of Massachusetts Boston,University of Massachusetts-Boston,166638,ipeds
University of Memphis,University of Memphis,220862,ipeds
University of Miami,University of Miami,135726,ipeds
University of Michigan Dearborn,University of Michigan-Dearborn,171137,ipeds
University of Michigan-Ann Arbor,University of Michigan-Ann Arbor,170976,ipeds
University of Minnesota Duluth,University of Minnesota-Duluth,174233,ipeds
University of Mississippi,University of Mississippi,176017,ipeds
University of Missouri Columbia,University of Missouri-Columbia,178396,ipeds
University of Missouri-Columbia,University of Missouri-Columbia,178396,ipeds
University of Missouri-Columbia's campus,University of Missouri-Columbia,178396,ipeds
University of Nebraska at Omaha,University of Nebraska at Omaha,181394,ipeds
University of Nebraska Lincoln,University of Nebraska-Lincoln,181464,ipeds
University of Nevada Reno,University of Nevada-Reno,182290,ipeds
University of New Hampshire,University of New Hampshire-Main Campus,183044,ipeds
University of New Haven,University of New Haven,129941,ipeds
University of New Mexico,University of New Mexico-Main Campus,187985,ipeds
University of North Carolina Wilmington,University of North Carolina Wilmington,199218,ipeds
University of North Dakota,University of North Dakota,200280,ipeds
University of North Florida,University of North Florida,136172,ipeds
University of North Texas,University of North Texas,227216,ipeds
University of Northern Colorado,University of Northern Colorado,127741,ipeds
University of Northern Iowa,University of Northern Iowa,154095,ipeds
University of Notre Dame,University of Notre Dame,152080,ipeds
University of Oregon,University of Oregon,209551,ipeds
University of Pennsylvania,University of Pennsylvania,215062,ipeds
University of Puget Sound,University of Puget Sound,236328,ipeds
University of Rhode Island,University of Rhode Island,217484,ipeds
University of Richmond,University of Richmond,233374,ipeds
University of Rochester,University of Rochester,195030,ipeds
University of San Diego,University of San Diego,122436,ipeds
University of San Francisco,University of San Francisco,122612,ipeds
University of South Carolina Columbia,University of South Carolina-Columbia,218663,ipeds
University of South Florida,University of South Florida-Main Campus,137351,ipeds
University of Southern California,University of Southern California,123961,ipeds
University of Southern Indiana,University of Southern Indiana,151306,ipeds
University of the District of Columbia,University of the District of Columbia,131399,ipeds
University of the Pacific,University of the Pacific,120883,ipeds
University of Toledo,University of Toledo,206084,ipeds
University of Tulsa,University of Tulsa,207971,ipeds
University of Utah,University of Utah,230764,ipeds
University of Vermont,University of Vermont,231174,ipeds
University of Virginia,University of Virginia-Main Campus,234076,ipeds
University of Wisconsin Madison,University of Wisconsin-Madison,240444,ipeds
University of Wisconsin Oshkosh,University of Wisconsin-Oshkosh,240365,ipeds
University of Wisconsin Platteville,University of Wisconsin-Platteville,240462,ipeds
University of Wisconsin Stout,University of Wisconsin-Stout,240417,ipeds
University of Wyoming,University of Wyoming,240727,ipeds
Ursinus College,Ursinus College,216524,ipeds
Utah State University,Utah State University,230728,ipeds
Utah Valley University,Utah Valley University,230737,ipeds
Valdosta State University,Valdosta State University,141264,ipeds
Vanderbilt University,Vanderbilt University,221999,ipeds
Vassar College,Vassar College,197133,ipeds
Villanova University,Villanova University,216597,ipeds
Virginia Commonwealth University,Virginia Commonwealth University,234030,ipeds
Virginia University of Lynchburg,Virginia University of Lynchburg,234137,ipeds
Wake Forest University,Wake Forest University,199847,ipeds
Wartburg College,Wartburg College,154527,ipeds
Washburn University,Washburn University,156082,ipeds
Washington College,Washington College,164216,ipeds
Washington State University,Washington State University,236939,ipeds
Wayne State University,Wayne State University,172644,ipeds
Weber State,Weber State University,230782,ipeds
Webster University,Webster University,179894,ipeds
Wellesley College,Wellesley College,168218,ipeds
Wesleyan University,Wesleyan University,130697,ipeds
West Chester University of Pennsylvania,West Chester University of Pennsylvania,216764,ipeds
West Virginia University,West Virginia University,238032,ipeds
Western Illinois University,Western Illinois University,149772,ipeds
Western Kentucky University,Western Kentucky University,157951,ipeds
Western Oregon University,Western Oregon University,210429,ipeds
Westminster College,Westminster College,179946,ipeds
Westminster College,Westminster College,179946,ipeds
Westminster College,Westminster College,179946,ipeds
Westminster College,Westminster College,216807,ipeds
Westminster College,Westminster College,216807,ipeds
Westminster College,Westminster College,216807,ipeds
Westminster College,Westminster College,230807,ipeds
Westminster College,Westminster College,230807,ipeds
Westminster College,Westminster College,230807,ipeds
Wheaton College,Wheaton College,149781,ipeds
Wheaton College,Wheaton College,149781,ipeds
Wheaton College,Wheaton College,168281,ipeds
Wheaton College,Wheaton College,168281,ipeds
Whitman College,Whitman College,237057,ipeds
Wilfrid Laurier University,Wilfrid Laurier University,IAU-021264-1,glued
Worcester State University,Worcester State University,168430,ipeds
Wright State University,Wright State University-Main Campus,206604,ipeds
Yale,Yale University,130794,ipeds
Yale University,Yale University,130794,ipeds
Yeshiva University,Yeshiva University,197708,ipeds
York,York University,IAU-021739-1,glued
York University,York University,IAU-021739-1,glued
Youngstown State University,Youngstown State University,206695,ipeds
