lat,lng,location
38.9517053,-92.3340724,"Columbia, MO, USA"
37.8715226,-122.273042,"Berkeley, CA, USA"
37.8715226,-122.273042,"Berkeley, California, USA"
42.3732216,-72.5198537,"Amherst, MA, USA"
42.2808256,-83.7430378,"Ann Arbor, MI, USA"
33.748752,-84.38768449999999,"Atlanta, GA, USA"
40.1856597,-75.451571,"Collegeville, PA, USA"
25.7491968,-80.2635411,"Coral Gables, FL, USA"
37.3229978,-122.0321823,"Cupertino, CA, USA"
38.5449065,-121.7405167,"Davis, CA, USA"
43.30330559999999,-91.7857092,"Decorah, IA, USA"
41.1408363,-73.2612615,"Fairfield,CT, USA"
41.1408363,-73.2612615,"Fairfield, CT, USA"
47.9252568,-97.0328547,"Grand Fork, ND, USA"
44.5133188,-88.0132958,"Green Bay, WI, USA"
34.0966764,-117.7197785,"Claremont, CA, USA"
34.0966764,-117.7197785,"Claremont, California, USA"
39.6444898,-86.8647316,"Greencastle, IN, USA"
42.3600825,-71.0588801,"Boston, MA, USA"
43.7022451,-72.2895526,"Hanover, NH, USA"
38.4495688,-78.8689155,"Harrisonburg, VA, USA"
42.3736158,-71.10973349999999,"Cambridge, MA, USA"
30.267153,-97.7430608,"Austin, TX, USA."
30.267153,-97.7430608,"Austin, TX, USA"
40.4842027,-88.99368729999999,"Bloomington, IL, USA"
39.165325,-86.52638569999999,"Bloomington, IN, USA"
38.2526647,-85.7584557,"Louisville, KY, USA"
41.308274,-72.9278835,"New Haven, CT, USA"
33.5778631,-101.8551665,"Lubbock, TX, USA"
41.7001908,-86.23793280000001,"Notre Dame, IN, USA"
37.8043514,-122.2711639,"Oakland, CA, USA"
37.886704,-122.2977557,"Albany, CA, USA"
42.6525793,-73.7562317,"Albany, NY, USA"
36.171563,-115.1391009,"Las Vegas, NV, USA"
39.6837226,-75.74965720000002,"Newark, DE, USA"
43.0721661,-89.4007501,"Madison, WI, USA"
42.3370413,-71.20922139999999,"Newton, MA, USA"
40.5142026,-88.9906312,"Normal, IL, USA"
41.2939386,-82.21737859999999,"Oberlin, OH, USA"
33.7879139,-117.8531007,"Orange, CA, USA"
40.3572976,-74.6672226,"Princeton, NJ, USA"
45.4215296,-75.69719309999999,"Ottawa, ON, Canada"
47.6062095,-122.3320708,"Seattle, WA, USA"
40.0149856,-105.2705456,"Boulder, CO, USA"
41.8239891,-71.4128343,"Providence, RI, USA"
46.7297771,-117.1817377,"Pullman, WA, USA"
37.7272727,-89.2167501,"Carbondale, IL, USA"
25.7616798,-80.1917902,"Miami, FL, USA"
41.5623209,-72.6506488,"Middletown, CT, USA"
40.0506453,-77.5202647,"Shippensburg, PA, USA"
40.7489277,-74.2609903,"South Orange, NJ, USA"
37.42410599999999,-122.1660756,"Stanford, CA, USA"
43.0389025,-87.9064736,"Milwaukee, WI, USA"
44.977753,-93.2650108,"Minneapolis, MN, USA"
34.0625106,-118.1228476,"Monterey Park, CA, USA"
39.629526,-79.95589679999999,"Morgantown, WV, USA"
46.73238749999999,-117.0001651,"Moscow, ID, USA"
41.6528052,-83.5378674,"Toledo, OH, USA"
43.653226,-79.3831843,"Toronto, ON, Canada"
36.1626638,-86.7816016,"Nashville, TN, USA"
33.4503998,-88.81838719999999,"Starkville, MS, USA"
34.0522342,-118.2436849,"Los Angeles, CA, USA"
40.7933949,-77.8600012,"State College, PA, USA"
30.4382559,-84.28073289999999,"Tallahassee, FL, USA"
35.8456213,-86.39027,"Murfreesboro, TN, USA"
35.0843859,-106.650422,"Albuquerque, NM, USA"
44.4582983,-93.161604,"Northfield, MN, United States"
39.9525839,-75.1652215,"Philadelphia, PA, USA"
27.950575,-82.4571776,"Tampa, FL, USA"
39.4014955,-76.6019125,"Towson, MD, USA"
40.7607793,-111.8910474,"Salt Lake City, UT, USA"
42.3764852,-71.2356113,"Waltham, MA, USA"
34.6834382,-82.8373654,"Clemson, SC, USA"
34.6834382,-82.8373654,"Clemson, South Carolina, USA"
38.9071923,-77.0368707,"Washington, D.C., USA"
43.1339545,-70.9264393,"Durham, NH, USA"
35.9940329,-78.898619,"Durham, NC, USA"
38.9071923,-77.0368707,"Washington, DC, USA"
38.5925524,-90.3573389,"Webster Groves, MO, USA"
37.2707022,-76.7074571,"Williamsburg, VA, USA"
36.09985959999999,-80.244216,"Winston-Salem, NC, USA"
42.0450722,-87.68769689999999,"Evanston, IL, USA"
42.97218609999999,-85.95402179999999,"Allendale Charter Twp, MI, USA"
33.9519347,-83.357567,"Athens, GA, USA"
39.3292396,-82.1012554,"Athens, OH, USA"
32.715738,-117.1610838,"San Diego, CA, USA"
32.6098566,-85.48078249999999,"Auburn, AL, USA"
44.4758825,-73.21207199999999,"Burlington, VT, USA"
41.49932,-81.6943605,"Cleveland, OH, USA"
34.0007104,-81.0348144,"Columbia, SC, USA"
38.403903,-96.1816626,"Emporia, KS, USA"
42.4184296,-71.1061639,"Medford, MA, USA"
45.5196767,-123.1121017,"Forest Grove, OR, USA"
40.5852602,-105.084423,"Fort Collins, CO, USA"
29.6516344,-82.32482619999999,"Gainesville, FL, USA"
40.94781580000001,-90.3712395,"Galesburg, IL, USA"
40.3759296,-82.397183,"Gambier, OH, USA"
49.2827291,-123.1207375,"Vancouver, BC, Canada"
46.0645809,-118.3430209,"Walla Walla, WA, USA"
42.2625932,-71.8022934,"Worcester, MA, USA"
42.795896,-77.816947,"Geneseo, NY, USA"
34.1425078,-118.255075,"Glendale, CA, USA"
47.12113309999999,-88.5694182,"Houghton, MI, USA"
41.6578257,-91.5346169,"Iowa City, IA, USA"
42.3250896,-72.64120129999999,"Northampton, MA, USA"
28.5383832,-81.3789269,"Orlando, FL, USA"
44.8831125,-68.6719411,"Orono, ME, USA"
39.5069974,-84.74523099999999,"Oxford, OH, USA"
37.13179239999999,-80.5764477,"Radford, VA, USA"
40.6936488,-89.5889864,"Peoria, IL, USA"
35.7795897,-78.6381787,"Raleigh, NC, USA"
40.44062479999999,-79.9958864,"Pittsburgh, PA, USA"
45.515232,-122.6783853,"Portland, OR, USA"
39.529919,-119.8142691,"Reno, NV, USA"
37.5407246,-77.4360481,"Richmond, VA, USA"
43.15657789999999,-77.6088465,"Rochester, NY, USA"
37.7749295,-122.4194155,"San Francisco, CA, USA"
29.8832749,-97.9413941,"San Marcos, TX, USA"
44.2619309,-88.41538469999999,"Appleton, WI, USA"
35.5950581,-82.5514869,"Asheville, NC, USA"
43.2136713,-77.9391797,"Brockport, NY, USA"
49.2488091,-122.9805104,"Burnaby, BC, Canada"
35.2827524,-120.6596156,"San Luis Obispo, CA, USA"
51.04473309999999,-114.0718831,"Calgary, AB, Canada"
46.1367899,-60.19422399999999,"Sydney, NS, Canada"
35.9131996,-79.0558445,"Chapel Hill, NC, USA"
36.216795,-81.6745517,"Boone, NC, USA"
39.7284944,-121.8374777,"Chico, CA, USA"
43.0484029,-75.3785034,"Clinton, NY, USA"
42.3222599,-83.17631449999999,"Dearborn, MI, USA"
35.1982836,-111.651302,"Flagstaff, AZ, USA"
40.7674987,-73.833079,"Flushing, NY, USA"
26.640628,-81.8723084,"Fort Myers, FL, USA"
36.1156071,-97.0583681,"Stillwater, OK, USA"
39.9020565,-75.3499123,"Swarthmore, PA, USA"
45.9635895,-66.6431151,"Fredericton, NB, Canada"
39.70289229999999,-75.1118422,"Glassboro, NJ, USA"
35.612661,-77.3663538,"Greenville, NC, USA"
44.8857087,-63.1005273,"Halifax, NS, Canada"
33.4555279,-88.7903868,"Mississippi State, MS, United States"
38.57670170000001,-92.1735164,"Jefferson City, MO, USA"
36.313439700000004,-82.3534727,"Johnson City, TN, USA"
35.2225668,-97.4394777,"Norman, OK, USA"
36.0726354,-79.7919754,"Greensboro, NC, USA"
31.3271189,-89.29033919999999,"Hattiesburg, MS, USA"
42.09868669999999,-75.91797380000001,"Binghamton, NY, USA"
40.2731911,-76.8867008,"Harrisburg, PA, USA"
37.6687665,-122.0809964,"Hayward, CA, USA"
41.1536674,-81.3578859,"Kent, OH, USA"
29.7604267,-95.3698028,"Houston, TX, USA"
42.4439614,-76.5018807,"Ithaca, NY, USA"
41.3113669,-105.5911007,"Laramie, WY, USA"
40.813616,-96.7025955,"Lincoln, NE, USA"
41.7369803,-111.8338359,"Logan, UT, USA"
33.4151843,-111.8314724,"Mesa, AZ, USA"
40.1933767,-85.3863599,"Muncie, IN, USA"
36.6103334,-88.31476099999999,"Murray, KY, USA"
38.2009055,-84.87328350000001,"Frankfort, KY, USA"
39.4961458,-88.1761521,"Charleston, IL, USA"
40.688432,-75.2207323,"Easton, PA, USA"
41.4333909,-96.4981467,"Fremont, NE, USA"
36.7377981,-119.7871247,"Fresno, CA, USA"
43.2557206,-79.8711024,"Hamilton, ON, Canada"
21.3098845,-157.85814010000001,"Honolulu, HI, USA"
40.2338438,-111.6585337,"Provo, UT, USA"
39.768403,-86.158068,"Indianapolis, IN, USA"
41.0400135,-73.7144477,"Purchase, NY, USA"
45.5579451,-94.1632404,"St. Cloud, MN, USA"
38.6270025,-90.1994042,"St. Louis, MO, USA"
38.9716689,-95.2352501,"Lawrence, KS, USA"
41.6612104,-72.7795419,"New Britain, CT, USA"
40.4592076,-90.6717971,"Macomb, IL, USA"
42.2711311,-89.0939952,"Rockford, IL, USA"
34.4208305,-119.6981901,"Santa Barbara, CA, USA"
37.3541079,-121.9552356,"Santa Clara, CA, USA"
36.9741171,-122.0307963,"Santa Cruz, CA, USA"
42.8142432,-73.9395687,"Schenectady, NY, USA"
40.44062479999999,-79.9958864,"Pittsburgh, PA USA"
44.6994873,-73.4529124,"Plattsburgh, NY, USA"
40.7282239,-73.7948516,"Queens, NY, USA"
39.78172130000001,-89.6501481,"Springfield, IL, USA"
44.38935559999999,-79.6903316,"Barrie, ON, CAN"
30.4514677,-91.1871466,"Baton Rouge, LA, USA"
43.1593745,-79.2468626,"St. Catharines, ON, Canada"
39.7674578,-94.846681,"St. Joseph, MO, USA"
41.8781136,-87.6297982,"Chicago, IL, USA"
42.97218609999999,-85.95402179999999,"Allendale Charter Township, MI, USA"
41.1370133,-77.4469263,"Lock Haven, PA, USA"
33.7700504,-118.1937395,"Long Beach, CA, USA"
41.7475933,-74.0868095,"New Paltz, NY, USA"
42.88644679999999,-78.8783689,"Buffalo, NY, USA"
40.1164204,-88.2433829,"Champaign-Urbana, IL, USA"
40.5795317,-74.1502007,"Staten Island, NY, USA"
39.0473451,-95.6751576,"Topeka, KS, USA"
36.1539816,-95.992775,"Tulsa, OK, USA"
30.8327022,-83.2784851,"Valdosta, GA, USA"
31.549333,-97.1466695,"Waco, TX, USA"
46.23824,-63.13107040000001,"Charlottetown, PEI, Canada"
41.8994744,-87.9403418,"Elmhurst, IL, USA"
40.2599864,-74.79091249999999,"Ewing, NJ, USA"
33.8703645,-117.9242123,"Fullerton, CA, USA"
41.74340919999999,-92.7232456,"Grinnell, IA, USA"
41.7658043,-72.6733723,"Hartford, CT, USA"
34.3668299,-89.51863499999999,"Oxford, MS, USA"
39.4667034,-87.41390919999999,"Terre Haute, IN, USA"
41.8661403,-88.1070127,"Wheaton, IL, USA"
34.2103894,-77.8868117,"Wilmington, NC, USA"
42.7284117,-73.69178509999999,"Troy, NY, USA"
40.0375832,-75.3491813,"Villanova, PA, USA"
42.97218609999999,-85.95402179999999,"Allendale, MI, USA"
43.3789694,-84.66023539999999,"Alma, MI, USA"
43.3789694,-84.66023539999999,"Alma, MI , USA"
32.735687,-97.1080656,"Arlington, TX, USA"
38.4192496,-82.44515400000002,"Huntington, WV, USA"
30.2240897,-92.0198427,"Lafayette, LA, USA"
44.100351,-70.21477639999999,"Lewiston, ME, USA"
38.9071923,-77.0368707,"Washington, D.C, USA"
49.8954221,-97.1385145,"Winnipeg, MB, Canada"
46.8721284,-113.9940314,"Missoula, MT, USA"
44.4582983,-93.161604,"Northfield, MN, USA"
34.055103,-117.7499909,"Pomona, CA, USA"
41.7003713,-73.9209701,"Poughkeepsie, NY, USA"
39.9525839,-75.1652215,"Philadelphia, PA USA"
38.8114364,-89.95315699999999,"Edwardsville, IL, USA"
40.1528719,-76.6027455,"Elizabethtown, PA, USA"
42.12922409999999,-80.085059,"Erie, PA, USA"
44.0520691,-123.0867536,"Eugene, OR, USA"
64.8400511,-147.7199756,"Fairbanks, AK, USA"
64.8400511,-147.7199756,"Fairbanks, Alaska, USA"
38.3396367,-122.7010984,"Rohnert Park, California, USA"
38.74389439999999,-77.2405153,"Fairfax County, VA, USA"
37.3020965,-78.3919401,"Farmville, VA, USA"
36.0626579,-94.1605839,"Fayetteville, AR, USA"
35.0526641,-78.87835849999999,"Fayetteville, NC, USA"
42.279286,-71.4161565,"Framingham, MA, USA"
38.3031837,-77.4605399,"Fredericksburg, VA, USA"
42.4400576,-79.3317105,"Fredonia, NY, USA"
45.5018869,-73.56739189999999,"Montreal, QC, Canada"
42.2808256,-83.7430378,"Ann Arbor, Mi, USA"
42.9633599,-85.6680863,"Grand Rapids, MI, USA"
40.06811920000001,-82.51960369999999,"Granville, OH, USA"
40.4233142,-104.7091322,"Greeley, CO, USA"
40.7127753,-74.0059728,"New York City, NY, USA"
43.5448048,-80.24816659999999,"Guelph, ON, Canada"
38.0405837,-84.5037164,"Lexington, KY, USA"
39.6444898,-86.8647316,"Greencastle, IN USA"
41.3838782,-72.9026064,"Hamden, CT, USA"
42.9647806,-78.67752930000002,"Harris Hill, NY, USA"
41.7658043,-72.6733723,"Hartford, CT. USA"
45.4765446,-75.7012723,"Gatineau, QC, Canada"
40.7062128,-73.6187397,"Hempstead, NY, USA"
40.7062128,-73.6187397,"Hempstead, NY USA"
41.3580484,-93.5574376,"Indianola, IA, USA"
40.7127753,-74.0059728,"New York City, NY USA"
33.6845673,-117.8265049,"Irvine, CA, USA"
30.3321838,-81.65565099999999,"Jacksonville, FL, USA"
30.3321838,-81.65565099999999,"Jacksonville, FL USA"
39.0997265,-94.5785667,"Kansas City, MO, USA"
42.933692,-72.2781409,"Keene, NH, USA"
41.48037910000001,-71.52255980000001,"Kingston, RI, USA"
32.6098566,-85.48078249999999,"Auburn, Alabama, USA"
30.267153,-97.7430608,"Austin,TX, USA"
38.5815719,-121.4943996,"Sacramento, CA, USA"
32.715738,-117.1610838,"San Diego, CA USA"
42.3875968,-71.0994968,"Somerville, MA, USA"
37.8715226,-122.273042,"Berekely, CA, USA"
27.5158689,-97.856109,"Kingsville, TX, USA"
43.8137751,-91.2519017,"La Crosse, WI, USA"
32.8328112,-117.2712717,"La Jolla, CA, USA"
42.09868669999999,-75.91797380000001,"Binghamton, New York, USA"
42.09868669999999,-75.91797380000001,"Binghampton, New York, USA"
33.9022367,-118.081733,"Norwalk, CA, USA"
47.2528768,-122.4442906,"Tacoma, WA, USA"
32.2539787,-110.9741769,"Tucson, AZ, USA"
34.5199402,-105.8700901,"Northfield, NM, USA"
48.4284207,-123.3656444,"Victoria, BC, Canada"
32.3199396,-106.7636538,"Las Cruces, NM, USA"
34.1477849,-118.1445155,"Pasadena, CA, USA"
44.0247062,-88.5426136,"Oshkosh, WI, USA"
41.2565369,-95.9345034,"Omaha, NE, USA"
34.055103,-117.7499909,"Pomona, California, USA"
45.5018869,-73.56739189999999,"Montreal. QC, Canada"
42.8621042,-112.4506191,"Pocatello, ID, USA"
47.0378741,-122.9006951,"Olympia, WA, USA"
46.8737648,-96.7678039,"Moorhead, MN, USA"
44.4758825,-73.21207199999999,"Burlington, Vermont, USA"
36.6103334,-88.31476099999999,"Murray, KY USA"
40.4862157,-74.4518188,"New Brunswick, NJ, USA"
18.4670588,-66.1184593,"San Juan, PR, USA"
29.95106579999999,-90.0715323,"New Orleans, LA, USA"
40.735657,-74.1723667,"Newark, NJ, USA"
42.6011813,-76.1804843,"Cortland, NY, USA"
45.4215296,-75.69719309999999,"Ottawa, ON, CAN"
40.2283371,-74.9322596,"Newtown, PA, USA"
41.788489,-72.2292913,"Mansfield, CT, USA"
36.9685219,-86.4808043,"Bowling Green, KY, USA"
41.3747744,-83.6513229,"Bowling Green, OH, USA"
41.3747744,-83.6513229,"Bowling Green, Ohio, USA"
48.4276054,-71.0600102,"Saguenay, QC, Canada"
29.4251905,-98.4945922,"San Antonio, TX, USA"
43.5375937,-83.984501,"University Center, MI, USA"
40.8147955,-77.86531260000001,"University Park, PA, USA"
41.0748188,-73.77513259999999,"Valhalla, NY, USA"
30.0932737,-95.9877339,"Prairie View, TX, USA"
44.015337100000004,-73.16734,"Middlebury, Vermont, USA"
52.157902,-106.6701577,"Saskatoon, SK, Canada"
45.4042669,-71.89367399999999,"Sherbrooke, QC, Canada"
48.4284207,-123.3656444,"Victoria, BC, CA"
44.4758825,-73.21207199999999,"Burlington, Vermont, United States"
51.04473309999999,-114.0718831,"Calgary, AB, CAN"
42.5348993,-92.4453161,"Cedar Falls, IA, USA"
47.4873895,-117.5757622,"Cheney, WA, USA"
43.7764258,-79.2317521,"Scarborough, ON, Canada"
41.0639506,-80.0564468,"Slippery Rock, PA, USA"
41.6763545,-86.25198979999999,"South Bend, IN, USA"
34.1336186,-117.9075627,"Azusa, CA, USA"
39.2903848,-76.6121893,"Baltimore, MD, USA"
32.4487876,-81.7831674,"Statesboro, GA, USA"
41.5868353,-93.6249593,"Des Moines, IA, USA"
42.331427,-83.0457538,"Detroit, MI, USA"
44.811349,-91.4984941,"Eau Claire, WI, USA"
41.87422249999999,-80.1317236,"Edinboro, PA, USA"
26.3017374,-98.1633432,"Edinburg, TX, USA"
35.6528323,-97.47809540000002,"Edmond, OK, USA"
43.4642578,-80.5204096,"Waterloo, ON, Canada"
42.296797,-71.29238769999999,"Wellesley, MA, USA"
39.9606643,-75.6054882,"West Chester, PA, USA"
38.3396367,-122.7010984,"Rohnert Park, CA, USA"
44.9537029,-93.0899578,"St. Paul, MN, USA"
37.9577016,-121.2907796,"Stockton, CA, USA"
33.8358492,-118.3406288,"Torrance, CA, USA"
37.4945743,-120.8459786,"Turlock, CA, USA"
41.2705484,-72.9469711,"West Haven, CT, USA"
40.2903891,-74.0176381,"West Long Branch, NJ, USA"
42.27823730000001,-71.15997569999999,"West Roxbury, MA, USA"
41.8084314,-72.24952309999999,"Storrs, CT, USA"
41.8239891,-71.4128343,"Providence, Rhode Island, USA"
34.4726276,-81.88065619999999,"Clinton, SC, USA"
33.4483771,-112.0740373,"Phoenix, AZ, USA"
30.627977,-96.3344068,"College Station, TX, USA"
53.5460983,-113.4937266,"Edmonton, AB, Canada"
38.8338816,-104.8213634,"Colorado Springs, CO, USA"
37.2709704,-79.9414266,"Roanoke, VA, USA"
33.9806005,-117.3754942,"Riverside, CA, USA"
46.8130816,-71.20745959999999,"Québec City, QC, CAN"
50.4452112,-104.6188944,"Regina, SK, Canada"
36.9759345,-82.5757108,"Wise, VA, USA"
44.5645659,-123.2620435,"Corvallis, OR, USA"
32.7766642,-96.7969879,"Dallas, TX, USA"
41.0997803,-80.6495194,"Youngstown, OH, USA"
42.2411499,-83.61299389999999,"Ypsilanti, MI, USA"
39.529919,-119.8142691,"Reno, Nevada, USA"
41.8939617,-87.81984779999999,"River Forest, IL, USA"
29.2108147,-81.0228331,"Daytona Beach, FL, USA"
39.7589478,-84.1916069,"Dayton, OH, USA"
41.9295355,-88.74991279999999,"DeKalb, IL, USA"
34.0522342,-118.2436849,"Los Angeles, California, USA"
48.2342362,-79.01878359999999,"Rouyn-Noranda, QC, Canada"
45.6814733,-111.0319925,"Bozeman, MT, USA"
46.5436199,-87.3953713,"Marquette, MI, USA"
45.2107513,-123.1944874,"McMinnville, OR, USA"
35.1495343,-90.0489801,"Memphis, TN, USA"
33.916475,-117.9002918,"Brea, CA, USA"
40.0149856,-105.2705456,"Boulder, Colorado, USA"
46.23824,-63.13107040000001,"Charlottetown, PE, Canada"
40.2010241,-77.20027449999999,"Carlisle, PA, USA"
49.3237408,-117.6593341,"Castlegar, BC, CA"
35.2270869,-80.8431267,"Charlotte, NC, USA"
44.5439375,-73.1479068,"Colchester, VT, USA"
38.0293059,-78.47667810000002,"Charlottesville, VA, USA"
38.0293059,-78.47667810000002,"Charlottesville, VA , USA"
38.18724040000001,-76.4343173,"St. Mary's City, MD, USA"
37.3021632,-120.4829677,"Merced, CA, USA"
41.5278742,-73.12761069999999,"Middlebury, CT, USA"
43.30330559999999,-91.7857092,"Decorah, Iowa, USA"
53.5460983,-113.4937266,"Edmonton, AB, USA"
32.4487364,-99.73314390000002,"Abilene, TX, USA"
42.3328668,-71.1727583,"Chestnut Hill, MA, USA"
45.5018869,-73.56739189999999,"Montreal, QC, Quebec"
42.2808256,-83.7430378,"Ann Arbor, Michigan, USA"
39.7392358,-104.990251,"Denver, CO, USA"
42.7369792,-84.48386540000001,"East Lansing, MI, USA"
38.403903,-96.1816626,"Emporia, KA, USA"
36.0626579,-94.1605839,"Fayetteville, AK, USA"
32.7554883,-97.3307658,"Fort Worth, TX, USA"
44.015337100000004,-73.16734,"Middlebury, VT, USA"
33.8536269,-118.1339563,"Lakewood, CA, USA"
34.7444618,-92.2880157,"Little Rock, AR, USA"
41.8781136,-87.6297982,"Chicago, IL USA"
42.7875235,-86.1089301,"Holland, MI, USA"
30.7235263,-95.5507771,"Huntsville, TX, USA"
39.0331169,-84.4518854,"Highland Heights, KY, USA"
37.4137536,-79.14224639999999,"Lynchburg, VA, USA"
39.18360819999999,-96.5716694,"Manhattan, KS, USA"
41.5623209,-72.6506488,"Middletown, Connecticut, USA"
33.7700504,-118.1937395,"Long Beach. CA, USA"
40.5852602,-105.084423,"Fort Collins, Colorado, USA"
40.0149856,-105.2705456,"Boulder, CO, US"
39.9978764,-76.3541274,"Millersville, PA, USA"
44.8755183,-91.9193422,"Menomonie, WI, USA"
37.2295733,-80.4139393,"Blacksburg, VA, USA"
33.2148412,-97.1330683,"Denton, TX, USA"
27.7676008,-82.64029149999999,"St. Petersburg, FL, USA"
42.6430359,-95.2019399,"Storm Lake, IA, USA"
40.1164204,-88.2433829,"Champaign, IL, USA"
42.73416,-90.4784621,"Platteville, WI, USA"
43.4642578,-80.5204096,"Waterloo, ON, CA"
39.109724,-95.0877465,"Tonganoxie, KS, USA"
43.653226,-79.3831843,"Toronto, ON, CA"
40.6781784,-73.9441579,"Brooklyn, NY, USA"
33.7879139,-117.8531007,"Orange,  CA, USA"
33.4918203,-80.8556476,"Orangeburg, SC, USA"
40.2968979,-111.6946475,"Orem, UT, USA"
40.1266689,-82.9318807,"Westerville, OH, USA"
49.2827291,-123.1207375,"Vancouver, BC Canada"
45.8802909,-72.4842824,"Drummondville, QC, CAN"
31.3271189,-89.29033919999999,"Hattiesburg, MS, US"
48.4117537,-71.255071,"Jonquière, QC, Canada"
40.9114271,-90.6473576,"Monmouth, IL, USA"
45.6397183,-73.8439099,"Sainte-Thérèse, QC, Canada"
44.8484524,-123.2339888,"Monmouth, OR, USA"
40.8259007,-74.2090053,"Montclair, NJ, USA"
46.8130816,-71.20745959999999,"Quebec City, QC, Canada"
39.165325,-86.52638569999999,"Bloomington, Indiana, USA"
48.4120843,-71.05110789999999,"Chicoutimi, QC, Canada"
45.5135059,-73.4329187,"Longueuil, QC, Canada"
46.0556724,-71.95895589999999,"Victoriaville, QC, Canada"
38.440429,-122.7140548,"Santa Rosa, CA, USA"
45.6066487,-73.712409,"Laval, QC, Canada"
42.680588,-83.1338214,"Rochester, MI, USA"
43.5890452,-79.6441198,"Mississauga, ON, Canada"
38.5779555,-122.9888319,"Sonoma County, CA, USA"
41.4475686,-71.524667,"South Kingstown, RI, USA"
38.7881062,-90.4974359,"St. Charles, MO, USA"
45.5018869,-73.56739189999999,"Montreal, QC, CAN"
33.1433723,-117.1661449,"San Marcos, CA, USA"
37.7749295,-122.4194155,"San Francisco, CA, uSA"
38.9822282,-94.6707917,"Overland Park, KS, USA"
52.157902,-106.6701577,"Saskatoon, SK, CAN"
38.9896967,-76.93776,"College Park, MD, USA"
26.3017374,-98.1633432,"Edinburg, TX, USA."
39.9606643,-75.6054882,"West Chester, PA , USA"
39.9606643,-75.6054882,"West Chester, Pennsylvania , USA"
33.4734978,-82.0105148,"Augusta, GA, USA"
53.9170641,-122.7496693,"Prince George, BC, Canada"
50.674522,-120.3272674,"Kamloops, BC, Canada"
32.7805494,-117.2426259,"Mission Bay, CA, USA"
49.1913466,-122.8490125,"Surrey, BC, Canada"
40.7127753,-74.0059728,"New York City, New York, USA"
42.0307812,-93.6319131,"Ames, IA, USA"
42.3600825,-71.0588801,"Boston, Mass, USA"
40.2599864,-74.79091249999999,"Ewing Township, NJ, USA"
35.0457984,-85.3093995,"Chattanooga, TN, USA"
39.21886629999999,-76.0690036,"Chestertown, MD, USA"
21.315643,-157.8039891,"Manoa, HI, USA"
37.4418834,-122.1430195,"Palo Alto, CA, USA"
49.2488091,-122.9805104,"Burnaby, British Columbia, Canada"
39.0638705,-108.5506486,"Grand Junction, CO, USA"
44.8857087,-63.1005273,"Halifax, NS, CA"
40.0022406,-75.3208107,"Haverford, PA, USA"
38.8791783,-99.3267702,"Hays, KS, USA"
19.7216023,-155.084887,"Hilo, HI, USA"
40.3461017,-94.8724706,"Maryville, MO, USA"
19.8967662,-155.5827818,"Mauna Kea, HI, USA"
40.0230237,-75.3151772,"Bryn Mawr, PA, USA"
44.4758825,-73.21207199999999,"Burlington, VT USA"
37.33874,-121.88525250000001,"San Jose, CA, USA"
46.49771150000001,-84.3475876,"Sault Ste. Marie, MI, USA"
42.2591729,-72.57479339999999,"South Hadley, MA, USA"
45.5018869,-73.56739189999999,"Montreal, Quebec, Canada"
42.3149367,-83.03636329999999,"Windsor, ON, CAN"
45.48571889999999,-73.59569929999999,"Westmount, QC, Canada"
49.3199816,-123.0724139,"North Vancouver, BC, Canada"
49.8879519,-119.4960106,"Kelowna, BC, Canada"
49.3199816,-123.0724139,"North Vancouver, BC,  Canada"
33.2098407,-87.56917349999999,"Tuscaloosa, AL, USA"
40.3295359,-76.51524429999999,"Annville, PA, USA"
43.653226,-79.3831843,"Toronto, ON, CAN"
38.1074198,-122.5697032,"Novato, CA, USA"
46.4917317,-80.99302899999999,"Sudbury, ON, Canada"
45.2733153,-66.0633081,"St. John, NB, Canada"
49.83385,-119.5236098,"Okanagan, BC, Canada"
37.3058839,-89.51814759999999,"Cape Girardeau, MO, USA"
40.8765649,-77.8367282,"Centre County, PA, USA"
32.7764749,-79.93105120000001,"Charleston, SC, USA"
32.6400541,-117.0841955,"Chula Vista, CA, USA"
39.1031182,-84.5120196,"Cincinnati, OH, USA"
37.410884,-94.70496,"Pittsburg, KS, USA"
43.6590993,-70.2568189,"Portland, ME, USA"
39.7284944,-121.8374777,"Chico, CA, USA."
41.8239891,-71.4128343,"Providence,RI, USA"
38.2544472,-104.6091409,"Pueblo, CO, USA"
39.9611755,-82.99879419999999,"Columbus, OH, USA"
27.8005828,-97.396381,"Corpus Christi, TX, USA"
46.78667189999999,-92.1004852,"Duluth, MN, USA"
41.8781136,-87.6297982,"Chicago, iL, USA"
45.897903,-64.3682803,"Sackville, New Brunswick, Canada"
32.7947731,-116.9625269,"El Cajon, CA, USA"
37.9715592,-87.5710898,"Evansville, IN, USA"
44.6365107,-123.1059282,"Albany, OR, USA"
41.8791979,-87.8431155,"Maywood, IL, USA"
41.6414438,-80.15144839999999,"Meadville, PA, USA"
33.4555279,-88.7903868,"Mississippi State, MS, USA"
40.9114882,-73.7823549,"New Rochelle, NY, USA"
42.8270136,-75.5446238,"Hamilton, NY, USA"
42.2808256,-83.7430378,"Ann Arbor, MI USA"
34.5400242,-112.4685025,"Prescott, AZ, USA"
44.100351,-70.21477639999999,"Lewiston, MA, USA"
37.9357576,-122.3477486,"Richmond, CA, USA"
44.9428975,-123.0350963,"Salem, OR, USA"
34.4208305,-119.6981901,"Santa Barbara, CA,  USA"
37.2089572,-93.2922989,"Springfield, MO, USA"
39.3292396,-82.1012554,"Athens, OH USA"
32.6098566,-85.48078249999999,"Auburn, AL USA"
36.8507689,-76.28587259999999,"Norfolk, VA, USA"
35.3732921,-119.0187125,"Bakersfield, CA, USA"
38.5925524,-90.3573389,"Webster Groves, MO,  USA"
41.2459149,-75.88130749999999,"Wilkes-Barre, PA, USA"
28.5999998,-81.33923519999999,"Winter Park, FL, USA"
25.9017472,-97.4974838,"Brownsville, TX, USA"
30.267153,-97.7430608,"Austin, Texas, USA"
41.4730948,-87.0611412,"Valparaiso, IN, USA"
41.4978306,-81.53734560000001,"University Heights, OH, USA"
41.6528052,-83.5378674,"Toledo, Ohio, USA"
33.4255104,-111.9400054,"Tempe, AZ, USA"
42.82472930000001,-83.26522539999999,"Oxford, MI, USA"
37.5565736,-79.0801084,"Sweet Briar, VA, USA"
43.0481221,-76.14742439999999,"Syracuse, New York, USA"
40.7127753,-74.0059728,"New York, NY, USA"
43.4083637,-84.6066704,"St. Louis, MI, USA"
46.8130816,-71.20745959999999,"Québec City, QC, Canada"
42.09868669999999,-75.91797380000001,"Binghamton, NY, United States"
42.09868669999999,-75.91797380000001,"Binghamton, NY USA"
45.4765446,-75.7012723,"Gatineau, Quebec, Canada"
42.3149367,-83.03636329999999,"Windsor, ON, Canada"
42.9849233,-81.2452768,"London, ON, Canada"
43.653226,-79.3831843,"Toronto, ON, Canada."
43.653226,-79.3831843,"Toronto,ON, Canada"
43.653226,-79.3831843,"Toronto, Ontario, Canada"
38.9403808,-92.3277375,University of Missouri-Columbia
38.9403808,-92.3277375,University of Missouri
38.9403808,-92.3277375,University of Missouri Columbia
38.9403808,-92.3277375,University of Missouri-Columbia's campus
37.8718992,-122.2585399,University of California Berkeley
42.3709104,-72.5170028,Amherst College
42.3867598,-72.5300515,University of Massachusetts Amherst
42.2762537,-83.7412441,University of Michigan Ann Arbor
33.7515658,-84.4112315,Clark Atlanta University
33.7971368,-84.32224,Emory University
40.19396769999999,-75.4563232,Ursinus College
33.753068,-84.38528190000001,Georgia State University in Atlanta
25.7173947,-80.2781262,University of Miami
37.3192806,-122.0447919,De Anza College
38.5382322,-121.7617125,University of California Davis
43.3147914,-91.8052049,Luther College
41.1598949,-73.2575513,Fairfield University
47.922891,-97.0768014,University of North Dakota
44.5313196,-87.9210482,University of Wisconsin Green Bay
34.1042832,-117.7050738,Pitzer College
34.0977461,-117.711806,Pomona College
39.63942520000001,-86.8634933,Depauw University
37.8718992,-122.2585399,"University of California, Berkeley"
42.3504997,-71.1053991,Boston University
42.3365405,-71.0997491,Massachusetts College of Art and Design
42.3465952,-71.0895292,Berklee College of Music
42.3522266,-71.0658133,Emerson College
43.7044406,-72.2886934,Dartmouth College
43.7044406,-72.2886934,Dartmouth
42.3355488,-71.16849450000001,Boston College
38.435092,-78.8697548,James Madison University
42.3770029,-71.11666009999999,Harvard University
42.3780901,-71.1188478,Harvard Law
42.3770029,-71.11666009999999,Harvard
42.3780901,-71.1188478,Harvard Law School
30.2849185,-97.7340567,University of Texas Austin
40.4908891,-88.9906541,Illinois Wesleyan University
39.1682449,-86.52300729999999,Indiana University
38.2122761,-85.75850229999999,University of Louisville
41.3163244,-72.92234309999999,Yale
33.5842591,-101.8782822,Texas Tech University
41.7055716,-86.2353388,University of Notre Dame
37.78059880000001,-122.1825631,Mills College
42.6850273,-73.8247903,SUNY at Albany
42.6850273,-73.8247903,University at Albany
36.107496,-115.1435252,University of Nevada Las Vegas
39.6779504,-75.7506114,University of Delaware
43.076592,-89.4124875,University of Wisconsin Madison
40.5121009,-88.99476299999999,Illinois State University
41.2958696,-82.22108899999999,Oberlin College
33.7933203,-117.8520736,Chapman University
40.3430942,-74.65507389999999,Princeton University
45.3875812,-75.69602019999999,Carleton University
45.42310639999999,-75.68313289999999,University of Ottawa
47.6091765,-122.3178465,Seattle University
40.00758099999999,-105.2659417,University of Colorado
41.8267718,-71.4025482,Brown University
41.8440047,-71.4347475,Providence College
41.82708179999999,-71.4092965,Rhode Island School of Design
46.7319225,-117.1542121,Washington State University
37.7079717,-89.2229983,Southern Illinois University
41.5566104,-72.65690409999999,Wesleyan University
40.0609352,-77.521684,Shippensburg University
40.7430841,-74.246082,Seton Hall University
37.4274745,-122.169719,Stanford University
43.0386952,-87.9310153,Marquette University
44.97399,-93.2277285,University of Minnesota
33.8850876,-118.095832,Cerritos College
39.648035900000004,-79.9697147,West Virginia University
46.7288124,-117.0126084,University of Idaho
41.6578804,-83.6142374,University of Toledo
43.7734535,-79.50186839999999,York University
43.6576585,-79.3788017,Ryerson University
43.653226,-79.3831843,University of Toronto
42.0564594,-87.67526699999999,Northwestern University
36.1447034,-86.8026551,Vanderbilt University
33.4551742,-88.79437659999999,Mississippi State University
34.068921,-118.4451811,University of California Los Angeles
34.0663797,-118.1684782,California State University Los Angeles
40.7982133,-77.8599084,Pennsylvania State University
30.4418778,-84.2984889,Florida State University
35.8486231,-86.3669156,Middle Tennessee State University
35.0843187,-106.6197812,University of New Mexico
44.4621319,-93.1840281,St Olaf College
39.9811911,-75.1553563,Temple University
28.0587031,-82.41385389999999,University of South Florida
39.3925121,-76.61263919999999,Towson University
40.7649368,-111.8421021,University of Utah
42.36535689999999,-71.2586441,Brandeis University
33.9737055,-117.3280644,University of California Riverside
37.7241492,-122.4799405,San Francisco State University
41.8685636,-87.6484497,University of Illinois at Chicago
29.7199489,-95.3422334,University of Houston
39.9523671,-75.5981257,West Chester University
41.9241868,-87.65416549999999,DePaul University
34.673407,-82.8367119,Clemson University
38.9076089,-77.07225849999999,Georgetown University
43.138948,-70.9370252,University of New Hampshire
36.0014258,-78.9382286,Duke University
38.9380155,-77.088922,American University
38.5893479,-90.3439695,Webster University
37.2709753,-76.71624659999999,College of William and Mary
36.1354887,-80.2792887,Wake Forest University
38.8997145,-77.0485992,George Washington University
42.9641221,-85.8890404,Grand Valley State University
33.9480053,-83.3773221,University of Georgia in Athens
39.324358,-82.10138889999999,Ohio University
32.7774047,-117.0714068,San Diego State University
32.8800604,-117.2340135,University of California San Diego
32.5933574,-85.4951663,Auburn University
44.4778528,-73.1964637,University of Vermont
41.5043413,-81.6083838,Case Western Reserve University
33.9937575,-81.0299186,University of South Carolina Columbia
32.7175697,-117.1508543,San Diego City College
38.4162018,-96.1792715,Emporia State University
42.4085371,-71.1182729,Tufts University
45.5243174,-123.1103252,Pacific University
40.57341479999999,-105.0865487,Colorado State University
29.6436325,-82.3549302,University of Florida
40.9416992,-90.3721309,Knox College
40.376152,-82.39579330000001,Kenyon College
49.26060520000001,-123.2459939,University of British Columbia
46.0708191,-118.3295895,Whitman College
42.2520353,-71.8245381,Clark University
42.2680949,-71.8443142,Worcester State University
42.79600689999999,-77.82386269999999,SUNY at Geneseo
34.16636,-118.2281216,Glendale Community College
47.1150259,-88.5452004,Michigan Tech University
42.3162992,-72.6403095,"Smith College in Northampton, Massachusetts"
28.6024274,-81.2000599,University of Central Florida
44.901867,-68.66882509999999,University of Maine
39.5087485,-84.73449149999999,Miami University
37.1374838,-80.5502298,Radford University
40.6977743,-89.6153484,Bradley University
35.7846633,-78.6820946,North Carolina State University
40.4432027,-79.9428499,Carnegie Mellon University
40.4443533,-79.960835,University of Pittsburgh Pittsburgh Campus
29.888411,-97.938351,Texas State University San Marcos
45.450223,-122.670186,Lewis & Clark College
39.5437205,-119.8141582,University of Nevada Reno
37.5526695,-77.4527359,Virginia Commonwealth University
43.1305531,-77.6260033,University of Rochester
37.7765643,-122.4507187,University of San Francisco
44.2611716,-88.3989041,Lawrence University
35.614396,-82.566611,University of North Carolina Asheville
43.2103817,-77.95108309999999,SUNY Brockport
37.72569,-122.4510797,City College of San Francisco
49.2780937,-122.9198833,Simon Fraser University
51.04473309999999,-114.0718831,University of Calgary
35.9049122,-79.0469134,UNC-Chapel Hill
36.21356280000001,-81.68432179999999,Appalachian State
39.7296653,-121.8478871,California State University Chico
43.0527984,-75.4059719,Hamilton College
38.5382322,-121.7617125,University of California at Davis
38.5382322,-121.7617125,University of California-Davis
42.3222599,-83.17631449999999,University of Michigan Dearborn
35.1802684,-111.6540336,NAU
40.736746,-73.8203195,Queens College
26.4626967,-81.7800748,Florida Gulf Coast University
36.1270236,-97.0737222,Oklahoma State University
39.90383300000001,-75.3526567,Swarthmore College
42.3867598,-72.5300515,University of Massachusetts at Amherst
39.7099689,-75.1191932,Rowan University
35.6068806,-77.3665364,East Carolina University
44.63658119999999,-63.59165549999999,Dalhousie University
40.8075355,-73.9625727,Columbia University
41.66270780000001,-91.5549771,University of Iowa
38.0317977,-120.3885135,Columbia College
36.3023954,-82.36985299999999,East Tennessee State University
35.2058936,-97.4457137,University of Oklahoma Norman Campus
36.0917841,-79.8887051,Guilford College
31.3298668,-89.33345349999999,University of Southern Misissippi
33.753068,-84.38528190000001,Georgia State University
42.0894288,-75.9694885,SUNY at Binghamton
42.360091,-71.09416,MIT
42.3583767,-71.06121619999999,Suffolk University
37.6568259,-122.0558839,Cal State East Bay
41.1497945,-81.34331590000001,Kent State University
42.4199229,-76.4969344,Ithaca College
42.4534492,-76.4735027,Cornell University
41.3148754,-105.5665744,University of Wyoming
40.8201966,-96.7004763,University of Nebraska Lincoln
41.745161,-111.8097425,Utah State University
33.3895475,-111.8735409,Mesa Community College
40.2079938,-85.4134775,Ball State University
36.616251,-88.3209372,Murray State University
38.19997720000001,-84.8565381,Kentucky State University
39.4835612,-88.17521839999999,Eastern Illinois University
40.6984713,-75.2101079,Lafayette College
36.8136777,-119.7461767,California State University Fresno
43.260879,-79.9192254,McMaster University
21.299824,-157.8148228,University of Hawaii Manoa
40.2518435,-111.6493156,Brigham Young University
39.7095679,-86.1346712,University of Indianapolis
39.8405491,-86.1708927,Butler University
41.0470553,-73.700419,SUNY Purchase
45.548639,-94.1515367,St Cloud State University
38.6487895,-90.3107962,Washington University St.Louis
39.0334683,-95.7018738,Washburn University
41.6931245,-72.7638508,Central Connecticut University
40.4766148,-90.6843599,Western Illinois University
42.3080218,-88.99321909999999,Rock Valley College
34.4139629,-119.848947,UC Santa Barbara
34.0223519,-118.285117,University of Southern California
29.888411,-97.938351,Texas State
37.3496418,-121.9389875,Santa Clara University
36.9820569,-122.0592552,UC Santa Cruz
42.819091,-73.9283841,Union College
41.5138435,-90.4907073,Western Illinois University Quad City riverfront campus
40.4443533,-79.960835,University of Pittsburgh
40.4486611,-79.92407279999999,Chatham College
44.6925546,-73.4669464,SUNY College at Plattsburgh
39.7305338,-89.6176711,University of Illinois Springfield
46.4672485,-80.9757296,Laurentian University
30.4132579,-91.1800023,Louisiana State University
43.1175731,-79.2476925,Brock University
39.7596804,-94.7844794,Missouri Western State College
41.7886079,-87.5987133,University of Chicago
36.21356280000001,-81.68432179999999,Appalachian State University
40.0142329,-105.2670571,Naropa University
40.00758099999999,-105.2659417,University of Colorado at Boulder
41.1427108,-77.46062429999999,Lock Haven University
33.7838235,-118.1140904,California State University Long Beach
41.73856199999999,-74.085197,SUNY New Paltz
42.88644679999999,-78.8783689,Buffalo
42.9237929,-78.8550954,Canisius College
40.1019523,-88.2271615,University of Illinois at Urbana Champaign
40.1019523,-88.2271615,University of Illinois
40.6021807,-74.15038109999999,College of Staten Island
36.1520526,-95.9460753,University of Tulsa
36.0508093,-95.9528284,Oral Roberts University
41.73856199999999,-74.085197,SUNY College at New Paltz
30.8491088,-83.2892073,Valdosta State University
31.5500848,-97.11354,Baylor University
46.2568931,-63.13890780000001,University of Prince Edward Island
41.8969889,-87.9471365,Elmhurst College
40.268479,-74.77763329999999,College of New Jersey
33.8823476,-117.8851033,California State University Fullerton
41.749223,-92.7201302,Grinnell College
34.3647349,-89.5383818,University of Mississippi
41.8695424,-88.0969325,Wheaton College
34.223874,-77.8696036,University of North Carolina Wilmington
42.7297628,-73.67888839999999,Rensselaer Polytechnic Institute
40.0368926,-75.3425785,Villanova University
30.419119,-97.8390214,Concordia University
43.5482599,-79.66268409999999,University of Toronto Mississauga
43.3807565,-84.6728043,Alma College
42.3256097,-72.5312799,Hampshire College in Massachusetts
42.3867598,-72.5300515,University of Massachusetts
32.7721681,-117.1888625,University of San Diego
41.3163244,-72.92234309999999,Yale University
42.3256097,-72.5312799,Hampshire College
32.7292117,-97.1151971,University of Texas Arlington
38.4236597,-82.42471979999999,Marshall University
30.211991,-92.019914,University of Louisiana Lafayette
44.1057216,-70.2021865,Bates College
38.9226843,-77.0194377,Howard University
38.908422,-76.99238749999999,Gallaudet University
38.9368811,-76.99869199999999,Catholic University of America
41.8742327,-87.62483379999999,Columbia College Chicago
53.7608608,-98.8138763,University of Manitoba
46.8619309,-113.9845969,University of Montana
34.0414348,-118.1501982,East Los Angeles College
34.0555994,-117.819263,California State Polytechnic University Pomona
41.68667809999999,-73.8936812,Vassar College
39.9617223,-75.1663954,Community College of Philadelphia
38.7951375,-89.9996714,Southern Illinois University Edwardsville
40.14932990000001,-76.58968349999999,Elizabethtown College
42.1275517,-80.0896332,Gannon University
44.0448302,-123.0726055,University of Oregon
64.8555748,-147.8340598,University of Alaska Fairbanks
38.3409222,-122.6730677,Sonoma State University
38.8314578,-77.31174709999999,George Mason University
37.29717979999999,-78.3961973,Longwood College
36.0686895,-94.1748471,University of Arkansas
35.0742206,-78.8924896,Fayetteville State University
42.298308,-71.4370588,Framingham State College
38.3013039,-77.47447,Mary Washington
42.4532365,-79.340746,SUNY at Fredonia
45.50478469999999,-73.5771511,McGill University
45.5131547,-73.5602937,UQÀM
42.2762537,-83.7412441,University of Michigan
45.50478469999999,-73.5771511,McGill
42.9269528,-85.58897189999999,Calvin College
42.96689680000001,-85.6667224,Grand Rapids Community College
40.0734008,-82.52290479999999,Denison University
40.4062697,-104.6944603,University of Northern Colorado
43.5327217,-80.22618039999999,University of Guelph
48.4634067,-123.3116935,University of Victoria
30.2849185,-97.7340567,University of Texas at Austin
38.0306511,-84.5039697,University of Kentucky
44.4780611,-88.0822618,College of Menominee Nation
41.4189262,-72.89364929999999,Quinnipiac University
39.9606643,-75.6054882,"Bloomsburg, California, Cheyney, Clarion, East Stroudsburg, Edinboro, Indiana, Kutztown, Lock Haven, Mansfield, Millersville, Shippensburg, Slippery Rock and West Chester universities of Pennsylvania"
41.2033216,-77.1945247,Pennsylvania university system
41.7477163,-72.6905038,Trinity College
36.0770034,-79.7718199,North Carolina A-T State University
40.7405244,-73.9832615,Baruch College
40.72951339999999,-73.9964609,New York University
40.7354925,-73.9971361,New School
40.7166872,-73.5993965,Hofstra University
21.299824,-157.8148228,UH-Manoa
41.3660163,-93.562973,Simpson College
40.8095133,-73.96339689999999,Barnard
40.8095133,-73.96339689999999,Barnard College
42.360091,-71.09416,The Massachusetts Institute of Technology
42.3398067,-71.0891717,Northeastern University
42.44740729999999,-76.4808417,Cornell University's School of Industrial and Labor Relations
33.6404952,-117.8442962,UC Irvine
30.2661204,-81.50723140000001,University of North Florida
39.033304,-94.5775473,University of Missouri Kansas City
42.9254277,-72.2803457,Keene State College
41.4862328,-71.53067879999999,University of Rhode Island
41.2655521,-95.9463862,Creighton University The Creightonian
29.7214214,-95.3592691,Texas Southern University
30.2849185,-97.7340567,University of Texas- Austin
41.9989483,-87.65825919999999,Loyola University Chicago
41.7179751,-87.60943879999999,Chicago State University
42.4534492,-76.4735027,Cornell
38.564761,-121.4276493,California State University Sacramento
32.7721681,-117.1888625,The University of San Diego
30.2849185,-97.7340567,University of Texas
34.0223519,-118.285117,the University of Southern California
34.068921,-118.4451811,UCLA
27.5269111,-97.884787,Texas A &M University Kingsville
43.8159885,-91.23115330000002,University of Wisconsin LaCrosse
36.107496,-115.1435252,"University of Nevada, Las Vegas"
47.2617495,-122.4814442,University of Puget Sound
32.2318851,-110.9501094,University of Arizona
34.1035316,-117.7119768,The Claremont Colleges
44.4621319,-93.1840281,St. Olaf
32.8800604,-117.2340135,"University of California, San Diego"
32.8800604,-117.2340135,UC San Diego
45.514669,-73.5663793,Cegep du Vieux Montreal
45.5123906,-73.67180809999999,Cégep de Saint-Laurent
-33.769979,150.7734575,Saint Mary's
32.2792887,-106.7491391,New Mexico State University
38.9543439,-95.2557961,University of Kansas
34.1482032,-118.1404425,Fuller Theological Seminary
44.0262095,-88.55081559999999,University of Wisconsin Oshkosh
41.2580268,-96.010696,University of Nebraska at Omaha
42.8627836,-112.429762,Idaho State University
40.3430942,-74.65507389999999,Princeton
37.4245914,-81.005363,Concord College
18.220833,-66.590149,University of Puerto Rico
29.9346582,-90.1209925,Loyola University New Orleans
40.2390377,-74.96717900000002,Bucks County Community College
40.691145,-73.9805528,Long Island University Brooklyn Campus
41.8071104,-72.25235239999999,University of Connecticut
39.9566127,-75.18994409999999,Drexel University
40.7678398,-73.9645291,Hunter College
40.8506041,-73.9297205,Yeshiva University
36.9847153,-86.4559991,Western Kentucky University
41.3797788,-83.6300826,Bowling Green State University
29.4457849,-98.4959969,San Antonio College
40.8728933,-73.8945076,Lehman College
29.5830733,-98.6198779,The University of Texas at San Antonio
40.72951339999999,-73.9964609,NYU
43.5583281,-83.9869942,Delta College
35.3050053,-120.6624942,Cal Poly San Luis Obispo
41.06597319999999,-73.7891834,Westchester Community College
29.888411,-97.938351,Texas State University
26.3081983,-98.1740158,University of Texas Pan American
37.4274745,-122.169719,Stanford
30.0954974,-95.9907076,Prairie View A&M University
44.0081076,-73.1760412,Middlebury College
47.6491714,-122.3618554,Seattle Pacific University
47.6062095,-122.3320708,University of Washington Seattle campus
52.157902,-106.6701577,University of Saskatoon
37.8718992,-122.2585399,UC Berkeley
37.7626459,-122.4587106,UCSF
37.765574,-122.3901281,UCSF Mission Bay
37.7626459,-122.4587106,UC San Francisco
42.9203078,-73.2359361,Bennington College
41.2921105,-72.96189919999999,University of New Haven
44.49598,-73.163743,St Michael's College
32.8800604,-117.2340135,the University of California San Diego
32.8800604,-117.2340135,University California San Diego
42.5121517,-92.4646469,University of Northern Iowa
47.4906616,-117.5847877,Eastern Washington University
40.0506453,-77.5202647,Shippensburg
34.1300755,-117.8883593,Azusa Pacific University
39.3476737,-76.6172375,Loyola College Maryland
32.4196512,-81.7842919,Georgia Southern University
38.7092187,-90.3083223,University of Missouri St.Louis
38.6348237,-90.2336408,Saint Louis University
42.3591388,-83.06654619999999,Wayne State University
44.7956278,-91.5038225,University of Wisconsin Eau Claire
35.657506,-97.4709491,University of Central Oklahoma
38.0335529,-78.5079772,University of Virginia
43.4738499,-80.5274701,Wilfrid Laurier University
42.2935733,-71.3059277,Wellesley College
44.9491147,-93.111261,St. Paul College
37.9798869,-121.3128577,University of the Pacific
33.8842409,-118.3302549,El Camino College
37.525398,-120.8554591,California State University Stanislaus
40.2802758,-74.0054114,Monmouth University
30.4227211,-84.2877093,Florida Agricultural and Mechanical University
30.4227211,-84.2877093,Florida A&M
39.3437959,-76.5843847,Morgan State University
39.3299013,-76.6205177,Johns Hopkins University
27.9468757,-82.46722659999999,University of Tampa
34.465182,-81.87755899999999,Presbyterian College
33.4242399,-111.9280527,Arizona State University
30.6186806,-96.3364655,Texas A&M University in College Station
30.6186806,-96.3364655,Texas A &M University
30.6186806,-96.3364655,Texas A&M University
49.891786,-97.153556,University of Winnipeg
43.6628917,-79.39565640000001,the University of Toronto campus
53.5232189,-113.5263186,University of Alberta
38.8491957,-104.8254254,Colorado College
33.9737055,-117.3280644,UC Riverside
36.970591,-82.560716,University of Virginia Wise
44.5637806,-123.2794442,Oregon State University
32.9856974,-96.7502474,University of Texas Dallas
35.5015528,-80.8423248,Davidson College
38.5382322,-121.7617125,UC Davis
38.5382322,-121.7617125,"University of California, Davis"
38.5382322,-121.7617125,"University of California,Davis"
41.1066413,-80.6480952,Youngstown State University
42.2506803,-83.624089,Eastern Michigan University
41.902411,-87.822057,Dominican University
29.2110122,-81.03157399999999,Bethune Cookman University
39.7401454,-84.17904449999999,University of Dayton
41.935056,-88.7734365,Northern Illinois University
45.6673524,-111.0546211,Montana State University
46.560196500000004,-87.4076051,Northern Michigan University
45.2006802,-123.1993365,Linfield College
35.1187498,-89.9374928,University of Memphis
45.4948363,-73.577912799999993,Concordia
45.514669,-73.5663793,CÉGEP Vieux-Montreal
45.5131547,-73.5602937,l’Université du Québec à Montréal (UQAM)
45.5056156,-73.61375919999999,University of Montreal
42.9849233,-81.2452768,"already demonstrated at Humber College, Sheridan College and Fanshaw College in London, Ont"
37.5758243,-77.5397192,University of Richmond
45.55086130000001,-73.5532995,CEGEP Maisonneuve
45.6184246,-73.60685749999999,CEGEP Marie-Victorin
45.5123906,-73.67180809999999,CEGEP Saint-Laurent
43.6628917,-79.39565640000001,UTSG
40.2027462,-77.2008334,Dickinson College
49.3117995,-117.652355,Selkirk College
40.1019523,-88.2271615,University of Illinois at Urbana-Champaign
35.3070929,-80.735164,University of North Carolina Charlotte
37.7079717,-89.2229983,"Southern Illinois University,Carbondale"
38.0063054,-78.484332,Piedmont Virginia Community College
34.1006868,-117.7065073,Claremont McKenna College
34.055103,-117.7499909,Pomona
35.2270869,-80.8431267,North Carolina at Charlotte
35.188626,-80.83297240000002,Queens University of Charlotte
38.1885119,-76.42627499999999,St Mary's College of Maryland
38.1885119,-76.42627499999999,St.Mary's College of Maryland
37.3647146,-120.4241184,University of California Merced
32.9211774,-96.7284624,Richland College
42.3242969,-83.2376024,Henry Ford Community College
40.7602397,-74.4266389,Drew University
32.4700922,-99.7080103,Abilene Christian University
34.1039266,-117.7101745,Scripps College
39.7453882,-105.0006377,Auraria Campus
39.7463596,-105.002342,University of Colorado Denver
32.7774047,-117.0714068,San Diego State
45.5131547,-73.5602937,Université de Québec a Montréal
45.514669,-73.5663793,CEGEP Vieux-Montreal
45.5131547,-73.5602937,UQAM
45.514669,-73.5663793,CEGEP du Vieux-Montreal
42.701848,-84.4821719,Michigan State University
45.5018869,-73.56739189999999,Université de Québec à Montréal (UQAM)
39.63942520000001,-86.8634933,DePauw University
45.5131547,-73.5602937,L’Université du Québec à Montréal
32.7323764,-97.280207,Texas Wesleyan University
30.2849185,-97.7340567,The University of Texas at Austin
42.7272876,-92.4824407,Wartburg College
36.3023954,-82.36985299999999,ETSU
36.3023954,-82.36985299999999,East Tennessee State University:
36.0686895,-94.1748471,University of Arkansas Main Campus
40.8201966,-96.7004763,University of Nebraska at Lincoln
45.5131547,-73.5602937,Université du Québec à Montréal (UQAM)
42.7875308,-86.1026663,Hope College
30.7135813,-95.547276,Sam Houston State University
39.0312035,-84.4625345,Northern Kentucky University
37.3952229,-79.1515702,Virginia University of Lynchburg
39.1974437,-96.5847249,K-State
39.1974437,-96.5847249,Kansas State University
33.7756178,-84.39628499999999,Georgia Tech
32.5313471,-92.068744,University of Louisiana Monroe
37.8718992,-122.2585399,University of California-Berkley
37.8718992,-122.2585399,University of California at Berkeley
39.9987943,-76.3527392,Millersville University
44.8716186,-91.9267041,University of Wisconsin Stout
36.1683703,-86.8258566,Tennessee State University
37.22838429999999,-80.42341669999999,Virginia Tech
42.3465952,-71.0895292,Berklee College
42.360091,-71.09416,Massachusetts Institute of Technology
33.207488,-97.1525862,University of North Texas
33.2272211,-97.127052,Texas Woman's University
45.5056156,-73.61375919999999,Université de Montréal (UdeM)
42.2964421,-71.2657077,Babson College
44.97399,-93.2277285,the University of Minnesota's St. Paul campus
27.763435,-82.6352615,University of South Florida St.Petersburg
42.6410428,-95.2097352,Buena Vista University
42.7331994,-90.48782140000002,University of Wisconsin Platteville
45.4810848,-122.6308086,Reed College
30.4227211,-84.2877093,Florida A&M University
43.4738499,-80.5274701,Laurier
35.78948099999999,-78.637391,Peace College
43.7852043,-79.2281691,Centennial College
43.676042700000004,-79.41072840000001,George Brown
43.0144419,-79.26234029999999,Niagara College
43.7722498,-79.4996257,Seneca at York
43.676042700000004,-79.41072840000001,George Brown College
43.7734535,-79.50186839999999,Seneca college campus at York University
44.76470579999999,-106.9429672,Sheridan college
40.6311257,-73.9523802,Brooklyn College
41.7055716,-86.2353388,Notre Dame
42.2392391,-71.8079608,Holy Cross
47.02316279999999,-122.9304656,South Puget Sound Community College
33.4981687,-80.8492832,South Carolina State
40.2787626,-111.7153739,Utah Valley University
43.4722854,-80.5448576,University of Waterloo
43.5142733,-83.9623559,Saginaw Valley State University
45.5131547,-73.5602937,Université du Québec à Montréal
45.5018869,-73.56739189999999,Université de Montréal
45.5018869,-73.56739189999999,Universite de Montreal
42.3141992,-71.0419953,University of Massachusetts Boston
40.9135265,-90.6386297,Monmouth College
45.6425126,-73.8418398,CEGEP Lionel-Groulx
44.8538061,-123.2405476,Western Oregon University
40.8666026,-74.1976433,Montclair State University
46.78174629999999,-71.2747424,Université Laval
45.5360826,-73.4937692,CEGEP Edouard-Montpetit
45.3779155,-71.92944050000001,University of Sherbrooke
38.45573,-122.7211551,Santa Rosa Junior College
45.55988869999999,-73.7193243,CEGEP Montmorency
42.6678782,-83.20823469999999,Oakland University
44.76470579999999,-106.9429672,Sheridan College
39.721199,-89.60927869999999,Lincoln Land Community College
38.7455928,-90.437059,St. Louis Community College
33.1298249,-117.1586856,"California State University, San Marcos"
37.765574,-122.3901281,UCSF Mission Bay campus
1.2814942,103.8448202,Chinatown
38.9237863,-94.7306238,Johnson County Community College
34.1376576,-118.125269,Caltech
35.0713551,-106.6289378,Central New Mexico Community College
40.7322206,-111.8549815,Westminster College
32.8800604,-117.2340135,UCSD
43.7830333,-79.1873806,UTSC
43.6628917,-79.39565640000001,University of Toronto Scarborough
38.9869183,-76.9425543,University of Maryland
34.0223519,-118.285117,USC
33.4756761,-82.0224542,Augusta State University
53.8922034,-122.8133607,University of Northern British Columbia
50.6707684,-120.3660271,Thompson Rivers University
37.765574,-122.3901281,UCSF Mission Bay Campus
43.65318449999999,-79.3914842,Ontario College of Art and Design University
40.8200471,-73.9492724,City College of New York
38.9097057,-77.06535650000001,Georgetown
42.9641221,-85.8890404,GVSU
42.0266573,-93.6464516,Iowa State University
41.8760026,-87.6251806,Roosevelt University
49.2847564,-123.1118716,"CUPE members held a silent protest outside of the library and Maggie Benston Centre, and on Oct. 19, they walked off the job and picketed the SFU Vancouver locations, including the Harbour Centre and Woodward’s campuses"
49.2847564,-123.1118716,"SFU’s Vancouver campuses, including Harbour Centre and Woodward’s, were picketed on Saturday and Sunday"
32.7078531,-97.3628041,Texas Christian University
44.0489409,-123.0947649,Lane Community Downtown Campus
49.2666104,-123.0990736,Native Education College
49.2780937,-122.9198833,Simon Fraser
35.0457984,-85.3093995,University of Tennessee in Chattanooga
39.21824,-76.0695767,Washington College
41.8685636,-87.6484497,University of Illinois at Chicago campus
41.9748871,-87.7108736,North Park University
49.28458939999999,-123.11146,SFU’s Vancouver and Surrey campuses
49.1865906,-122.8490733,all three of SFU’s campuses
42.2930114,-71.26378199999999,Olin College of Engineering
42.3811689,-71.11756679999999,Lesley University
48.4634067,-123.3116935,the University of Victoria
40.5008405,-74.44741739999999,Rutgers
33.8823476,-117.8851033,California State University - Fullerton
39.0804917,-108.5534074,Mesa State College
39.9927652,-75.2941372,Haverford and Bryn Mawr Colleges
40.00744230000001,-75.3051299,Haverford College
38.8714463,-99.3444887,Fort Hays State University
19.6999095,-155.0853594,University of Hawai'i at Hilo
47.1150259,-88.5452004,Michigan Tech
40.3519854,-94.8825243,Northwest Missouri State University
21.3008904,-157.8173481,University of Hawaii
45.4896599,-73.5880803,Dawson College
37.3351874,-121.8810715,San Jose State University
46.4918881,-84.36387739999999,Lake Superior State University
42.255425,-72.5728843,Mount Holyoke
34.068921,-118.4451811,the UC system at almost every campus
45.5056156,-73.61375919999999,Université de Montréal’s (UdeM)
45.514669,-73.5663793,Cégep du Vieux Montréal
45.55086130000001,-73.5532995,Collège de Maisonneuve
40.7509381,-73.9735038,City University of New York
40.77397089999999,-73.9801793,Macaulay Honors College
40.8200471,-73.9492724,CCNY
40.7509381,-73.9735038,CUNY
49.1324803,-122.8708528,Kwantlen Polytechnic University
39.4714449,-87.40827519999999,Indiana State University
42.3043142,-83.06603899999999,University of Windsor
49.31803619999999,-123.0194176,Capilano University
49.9393854,-119.3947626,UBC Okanagan
40.7509381,-73.9735038,City University of New York (CUNY)
40.6670398,-73.9574025,Medgar Evers College
33.2140233,-87.5391418,University of Alabama
38.9066253,-77.0373587,University of California Washington Center
40.3340766,-76.5157582,Lebanon Valley College
42.3162992,-72.6403095,Smith College
41.2939386,-82.21737859999999,Oberlin
46.4672485,-80.9757296,Laurentian
43.667979,-79.3983677,Ontario Institute for Studies in Education
51.01113609999999,-114.1318513,Mount Royal University (MRU)
37.3148783,-89.52804379999999,Southeast Missouri State University
32.7908851,-79.93737209999999,Charleston School of Law
32.6398581,-116.9981916,Southwestern College
40.0066723,-83.0304546,Ohio State University and the University of Akron
33.9937575,-81.0299186,University of South Carolina
39.9951217,-75.23993279999999,Saint Joseph's University
37.3902811,-94.6911535,Pittsburg State University
34.1035316,-117.7119768,Claremont Colleges
41.8267718,-71.4025482,Brown
38.3078425,-104.5758171,Colorado State University Pueblo
30.3436839,-81.6836991,Edward Waters College
41.7917114,-87.60270659999999,University of Chicago Pritzker School of Medicine
35.771043,-78.6379262,Shaw University
37.7706831,-122.3895903,UC San Francisco Mission Bay campus
40.0066723,-83.0304546,Ohio State University
27.7629896,-97.4108126,Del Mar College
39.7846274,-84.0587338,Wright State University
46.8187754,-92.0843306,University of Minnesota Duluth
30.6186806,-96.3364655,Texas A&M
33.9737055,-117.3280644,UCR's assistant vice chancellor and dean of students Ryan Alcantara
47.6167229,-122.3215965,Seattle Central Community College
32.8166735,-117.0065725,Grossmont College
37.9634036,-87.6727294,University of Southern Indiana
44.5870879,-123.1147938,Linn Benton Community College
41.2033216,-77.1945247,Penn
41.85862729999999,-87.836112,Loyola University Chicago Stritch School of Medicine
41.6484557,-80.1455328,Allegheny College
37.3647146,-120.4241184,UC Merced
29.9407282,-90.1203167,Tulane
40.9270597,-73.78634939999999,Iona College
32.8140043,-96.6608109,Eastfield College
34.4139629,-119.848947,University of California at Santa Barbara
47.14519310000001,-122.4436669,Pacific Lutheran University
44.3148443,-85.60236429999999,Michigan
42.0564594,-87.67526699999999,Northwestern
43.0481221,-76.14742439999999,Syracuse
40.0230237,-75.3151772,Bryn Mawr
40.0022406,-75.3208107,Haverford
44.9728923,-93.2832714,Minneapolis Community &Technical College
39.3299013,-76.6205177,Johns Hopkins Univeristy
43.076592,-89.4124875,UW-Madison
50.4154542,-104.5878302,he University of Regina
34.5463968,-112.4762283,Prescott College
43.5482599,-79.66268409999999,University of Toronto Mississauga (UTM)
36.3429724,-88.86433319999999,UTM
33.1512505,-117.1821885,Palomar College
37.2005546,-93.2806806,Missouri State University
38.5529805,-121.4525906,University of California Davis School of Medicine
45.5123906,-73.67180809999999,Cégep de St. Laurent
33.7505746,-84.4118579,AUC schools
33.7451953,-84.41143749999999,Spelman
36.8853217,-76.3058786,Old Dominion University
40.00758099999999,-105.2659417,University of Colorado Boulder
35.0077519,-97.092877,Oklahoma
40.7112562,-74.0051758,Pace University
41.2449585,-75.8883633,Wilkes University
28.5927153,-81.3485013,Rollins College
26.3081983,-98.1740158,University of Texas Rio Grande Valley
40.7664886,-73.9555127,Weill Cornell Medical College
40.7354925,-73.9971361,New School in New York City
45.5131547,-73.5602937,e Université du Québec à Montréal (UQAM)
41.98675069999999,-87.8721602,Rosemont
45.514669,-73.5663793,CEGEP du Vieux-Montréal
25.8939072,-97.4869194,University of Texas at Brownsville
30.211991,-92.019914,University of Louisiana at Lafayette
29.7903032,-90.8028911,Nicholls State University
30.5265222,-91.1929407,Southern University Baton Rouge
39.4089481,-76.5926005,Goucher College
39.3299013,-76.6205177,Johns Hopkins
30.23218,-97.75833,St Edward's University
43.076592,-89.4124875,University of Wisconsin - Madison
41.4639394,-87.04388929999999,Valparaiso University
41.4905602,-81.5297689,John Carroll University
33.2951034,-111.7956814,Chandler-Gilbert Community College
34.3647349,-89.5383818,Ole Miss
29.3228413,-98.5465301,Palo Alto College
39.9522188,-75.1932137,University of Pennsylvania
39.9566127,-75.18994409999999,Drexel
39.9522188,-75.1932137,Students from the University of Pennsylvania and Community College of Philadelphia marched alongside Temple students
39.7099689,-75.1191932,"Lee teaches at Philadelphia University, the University of Pennsylvania and Rowan University in South Jersey in addition to Temple"
35.2058936,-97.4457137,University of Oklahoma
33.4242399,-111.9280527,ASU
34.0522342,-118.2436849,Los Angeles campus
37.5565736,-79.0801084,Sweet Briar
41.8417288,-71.4627575,Rhode Island College
34.2406756,-118.5300196,CSU Northridge
37.8718992,-122.2585399,"UC Berkeley and UC Santa Cruz, Berkeley City College, San Francisco State University, City College of San Francisco, Laney College and Stanford University"
38.2352198,-122.119899,Solano Community College
37.7749295,-122.4194155,San Francisco
36.9741171,-122.0307963,Santa Cruz
38.3013039,-77.47447,University of Mary Washington
42.2746179,-71.8068416,Worcester Polytechnic Institute
43.676042700000004,-79.41072840000001,George Brown Colleg
38.6487895,-90.3107962,Washington University
43.79602939999999,-79.3485918,Seneca College
43.6628917,-79.39565640000001,the St George campus
37.0965278,-113.5684164,St. George
54.283113,-0.399752,Scarborough
51.253775,-85.3232139,Ontario Institute for Student Education
43.6628917,-79.39565640000001,St George campus
53.9614205,-1.0739108,York
43.6628917,-79.39565640000001,UofT
